"ID","Name","LongName","Parent","Component","Path","Line","Column","EndLine","EndColumn","CC","CCL","CCO","CI","CLC","CLLC","LDC","LLDC","LCOM5","NL","NLE","WMC","CBO","CBOI","NII","NOI","RFC","AD","CD","CLOC","DLOC","PDA","PUA","TCD","TCLOC","DIT","NOA","NOC","NOD","NOP","LLOC","LOC","NA","NG","NLA","NLG","NLM","NLPA","NLPM","NLS","NM","NOS","NPA","NPM","NS","TLLOC","TLOC","TNA","TNG","TNLA","TNLG","TNLM","TNLPA","TNLPM","TNLS","TNM","TNOS","TNPA","TNPM","TNS","WarningBlocker","WarningCritical","WarningInfo","WarningMajor","WarningMinor","Anti Pattern","Best Practice Rules","Clone Metric Rules","Code Style Rules","Cohesion Metric Rules","Complexity Metric Rules","Coupling Metric Rules","Design Rules","Design Pattern","Documentation Metric Rules","Documentation Rules","Error Prone Rules","Inheritance Metric Rules","Multithreading Rules","Performance Rules","Runtime Rules","Security Rules","Size Metric Rules"
"L1234","Fast","example.Fast","L104","L103","D:\GitRepos\2022SourceMeter-CasadoCristianDavid\junit5-r5.8.0\documentation\src\test\java\example\Fast.java","21","1","25","2","0","0","0","0","0","0","0","0","0","0","0","0","1","0","0","0","0","0","0.166667","1","0","0","1","0.166667","1","0","0","0","0","0","5","5","0","0","0","0","0","0","0","0","0","0","0","0","0","5","5","0","0","0","0","0","0","0","0","0","0","0","0","0","0","0","3","0","0","0","0","0","0","0","0","0","0","0","3","0","0","0","0","0","0","0","0"
"L1237","FastTest","example.FastTest","L104","L103","D:\GitRepos\2022SourceMeter-CasadoCristianDavid\junit5-r5.8.0\documentation\src\test\java\example\FastTest.java","22","1","27","2","0","0","0","0","0","0","0","0","0","0","0","0","2","0","0","0","0","0","0.142857","1","0","0","1","0.142857","1","0","0","0","0","0","6","6","0","0","0","0","0","0","0","0","0","0","0","0","0","6","6","0","0","0","0","0","0","0","0","0","0","0","0","0","0","0","3","0","0","0","0","0","0","0","0","0","0","0","3","0","0","0","0","0","0","0","0"
"L456","ExpectToFail","extensions.ExpectToFail","L2428","L103","D:\GitRepos\2022SourceMeter-CasadoCristianDavid\junit5-r5.8.0\documentation\src\test\java\extensions\ExpectToFail.java","27","1","51","2","0","0","0","0","0","0","0","0","0","0","0","0","2","4","0","0","0","0","0","0","0","0","1","0","0","0","0","0","0","0","5","7","0","0","0","0","0","0","0","0","0","0","0","0","0","19","25","1","1","1","1","3","0","2","0","3","3","0","2","0","0","0","13","0","0","0","0","0","0","0","0","0","0","0","12","0","0","1","0","0","0","0","0"
"L626","ConditionalTestExecutionDemo$TestOnMac","example.ConditionalTestExecutionDemo$TestOnMac","L616","L103","D:\GitRepos\2022SourceMeter-CasadoCristianDavid\junit5-r5.8.0\documentation\src\test\java\example\ConditionalTestExecutionDemo.java","66","2","71","3","0","0","0","0","0","0","0","0","0","0","0","0","2","1","0","0","0","0","0","0","0","0","1","0","0","0","0","0","0","0","6","6","0","0","0","0","0","0","0","0","0","0","0","0","0","6","6","0","0","0","0","0","0","0","0","0","0","0","0","0","0","0","3","0","0","0","0","0","0","0","0","0","0","0","3","0","0","0","0","0","0","0","0"
"L1179","Random","example.extensions.Random","L1174","L103","D:\GitRepos\2022SourceMeter-CasadoCristianDavid\junit5-r5.8.0\documentation\src\test\java\example\extensions\Random.java","21","1","25","2","0","0","0","0","0","0","0","0","0","0","0","0","2","1","0","0","0","1","0.285714","2","1","1","0","0.285714","2","0","0","0","0","0","5","5","0","0","0","0","0","0","0","0","0","0","0","0","0","5","5","0","0","0","0","0","0","0","0","0","0","0","0","0","0","0","0","0","0","0","0","0","0","0","0","0","0","0","0","0","0","0","0","0","0","0","0"
"L1653","ParameterizedTestDemo$CsvToPerson","example.ParameterizedTestDemo$CsvToPerson","L1345","L103","D:\GitRepos\2022SourceMeter-CasadoCristianDavid\junit5-r5.8.0\documentation\src\test\java\example\ParameterizedTestDemo.java","431","5","435","6","0","0","0","0","0","0","0","0","0","0","0","0","2","1","0","0","0","1","0.285714","2","2","1","0","0.285714","2","0","0","0","0","0","5","5","0","0","0","0","0","0","0","0","0","0","0","0","0","5","5","0","0","0","0","0","0","0","0","0","0","0","0","0","0","0","0","0","0","0","0","0","0","0","0","0","0","0","0","0","0","0","0","0","0","0","0"
"L527","AfterAll","org.junit.jupiter.api.AfterAll","L2758","L103","D:\GitRepos\2022SourceMeter-CasadoCristianDavid\junit5-r5.8.0\junit-jupiter-api\src\main\java\org\junit\jupiter\api\AfterAll.java","88","1","93","2","0","0","0","0","0","0","0","0","0","0","0","0","0","69","0","0","0","1","0.915493","65","65","1","0","0.915493","65","0","0","0","0","0","6","6","0","0","0","0","0","0","0","0","0","0","0","0","0","6","6","0","0","0","0","0","0","0","0","0","0","0","0","0","0","0","0","0","0","0","0","0","0","0","0","0","0","0","0","0","0","0","0","0","0","0","0"
"L521","AfterEach","org.junit.jupiter.api.AfterEach","L2758","L103","D:\GitRepos\2022SourceMeter-CasadoCristianDavid\junit5-r5.8.0\junit-jupiter-api\src\main\java\org\junit\jupiter\api\AfterEach.java","83","1","88","2","0","0","0","0","0","0","0","0","0","0","0","0","0","89","0","0","0","1","0.909091","60","60","1","0","0.909091","60","0","0","0","0","0","6","6","0","0","0","0","0","0","0","0","0","0","0","0","0","6","6","0","0","0","0","0","0","0","0","0","0","0","0","0","0","0","0","0","0","0","0","0","0","0","0","0","0","0","0","0","0","0","0","0","0","0","0"
"L505","BeforeAll","org.junit.jupiter.api.BeforeAll","L2758","L103","D:\GitRepos\2022SourceMeter-CasadoCristianDavid\junit5-r5.8.0\junit-jupiter-api\src\main\java\org\junit\jupiter\api\BeforeAll.java","88","1","93","2","0","0","0","0","0","0","0","0","0","0","0","0","0","80","0","0","0","1","0.915493","65","65","1","0","0.915493","65","0","0","0","0","0","6","6","0","0","0","0","0","0","0","0","0","0","0","0","0","6","6","0","0","0","0","0","0","0","0","0","0","0","0","0","0","0","0","0","0","0","0","0","0","0","0","0","0","0","0","0","0","0","0","0","0","0","0"
"L515","BeforeEach","org.junit.jupiter.api.BeforeEach","L2758","L103","D:\GitRepos\2022SourceMeter-CasadoCristianDavid\junit5-r5.8.0\junit-jupiter-api\src\main\java\org\junit\jupiter\api\BeforeEach.java","83","1","88","2","0","0","0","0","0","0","0","0","0","0","0","0","0","144","0","0","0","1","0.909091","60","60","1","0","0.909091","60","0","0","0","0","0","6","6","0","0","0","0","0","0","0","0","0","0","0","0","0","6","6","0","0","0","0","0","0","0","0","0","0","0","0","0","0","0","0","0","0","0","0","0","0","0","0","0","0","0","0","0","0","0","0","0","0","0","0"
"L817","Disabled","org.junit.jupiter.api.Disabled","L2758","L103","D:\GitRepos\2022SourceMeter-CasadoCristianDavid\junit5-r5.8.0\junit-jupiter-api\src\main\java\org\junit\jupiter\api\Disabled.java","53","1","64","2","0","0","0","0","0","0","0","0","0","0","0","1","0","40","1","0","1","1","0.825","33","33","1","0","0.825","33","0","0","0","0","0","7","12","0","0","0","0","1","0","0","0","1","0","0","0","0","7","12","0","0","0","0","1","0","0","0","1","0","0","0","0","0","0","0","0","0","0","0","0","0","0","0","0","0","0","0","0","0","0","0","0","0","0","0"
"L827","DisplayName","org.junit.jupiter.api.DisplayName","L2758","L103","D:\GitRepos\2022SourceMeter-CasadoCristianDavid\junit5-r5.8.0\junit-jupiter-api\src\main\java\org\junit\jupiter\api\DisplayName.java","37","1","51","2","0","0","0","0","0","0","0","0","0","0","0","1","0","54","1","0","1","1","0.740741","20","20","1","0","0.740741","20","0","0","0","0","0","7","15","0","0","0","0","1","0","0","0","1","0","0","0","0","7","15","0","0","0","0","1","0","0","0","1","0","0","0","0","0","0","0","0","0","0","0","0","0","0","0","0","0","0","0","0","0","0","0","0","0","0","0"
"L840","DisplayNameGeneration","org.junit.jupiter.api.DisplayNameGeneration","L2758","L103","D:\GitRepos\2022SourceMeter-CasadoCristianDavid\junit5-r5.8.0\junit-jupiter-api\src\main\java\org\junit\jupiter\api\DisplayNameGeneration.java","37","1","51","2","0","0","0","0","0","0","0","0","0","0","0","1","1","14","0","0","1","1","0.692308","18","18","1","0","0.692308","18","0","0","0","0","0","8","15","0","0","0","0","1","0","0","0","1","0","0","0","0","8","15","0","0","0","0","1","0","0","0","1","0","0","0","0","0","0","0","0","0","0","0","0","0","0","0","0","0","0","0","0","0","0","0","0","0","0","0"
"L860","IndicativeSentencesGeneration","org.junit.jupiter.api.IndicativeSentencesGeneration","L2758","L103","D:\GitRepos\2022SourceMeter-CasadoCristianDavid\junit5-r5.8.0\junit-jupiter-api\src\main\java\org\junit\jupiter\api\IndicativeSentencesGeneration.java","45","1","71","2","0","0","0","0","0","0","0","0","0","0","0","2","4","8","0","0","2","1","0.714286","30","30","1","0","0.714286","30","0","0","0","0","0","12","27","2","0","2","0","2","0","0","0","2","0","0","0","0","12","27","2","0","2","0","2","0","0","0","2","0","0","0","0","0","0","0","0","0","0","0","0","0","0","0","0","0","0","0","0","0","0","0","0","0","0","0"
"L837","Nested","org.junit.jupiter.api.Nested","L2758","L103","D:\GitRepos\2022SourceMeter-CasadoCristianDavid\junit5-r5.8.0\junit-jupiter-api\src\main\java\org\junit\jupiter\api\Nested.java","49","1","54","2","0","0","0","0","0","0","0","0","0","0","0","0","0","178","0","0","0","1","0.806452","25","25","1","0","0.806452","25","0","0","0","0","0","6","6","0","0","0","0","0","0","0","0","0","0","0","0","0","6","6","0","0","0","0","0","0","0","0","0","0","0","0","0","0","0","0","0","0","0","0","0","0","0","0","0","0","0","0","0","0","0","0","0","0","0","0"
"L1079","Order","org.junit.jupiter.api.Order","L2758","L103","D:\GitRepos\2022SourceMeter-CasadoCristianDavid\junit5-r5.8.0\junit-jupiter-api\src\main\java\org\junit\jupiter\api\Order.java","46","1","73","2","0","0","0","0","0","0","0","0","0","0","0","1","0","29","0","0","1","1","0.8125","39","39","1","0","0.8125","39","0","0","0","0","0","9","28","1","0","1","0","1","0","0","0","1","0","0","0","0","9","28","1","0","1","0","1","0","0","0","1","0","0","0","0","0","0","0","0","0","0","0","0","0","0","0","0","0","0","0","0","0","0","0","0","0","0","0"
"L1715","RepeatedTest","org.junit.jupiter.api.RepeatedTest","L2758","L103","D:\GitRepos\2022SourceMeter-CasadoCristianDavid\junit5-r5.8.0\junit-jupiter-api\src\main\java\org\junit\jupiter\api\RepeatedTest.java","74","1","155","2","0","0","0","0","0","0","0","0","0","0","0","2","1","21","2","0","2","1","0.888","111","111","1","0","0.888","111","0","0","0","0","0","14","82","5","0","5","0","2","0","0","0","2","0","0","0","0","14","82","5","0","5","0","2","0","0","0","2","0","0","0","0","0","0","0","0","0","0","0","0","0","0","0","0","0","0","0","0","0","0","0","0","0","0","0"
"L894","Tag","org.junit.jupiter.api.Tag","L2758","L103","D:\GitRepos\2022SourceMeter-CasadoCristianDavid\junit5-r5.8.0\junit-jupiter-api\src\main\java\org\junit\jupiter\api\Tag.java","57","1","75","2","0","0","0","0","0","0","0","0","0","0","0","1","1","28","0","0","1","1","0.816327","40","40","1","0","0.816327","40","0","0","0","0","0","9","19","0","0","0","0","1","0","0","0","1","0","0","0","0","9","19","0","0","0","0","1","0","0","0","1","0","0","0","0","0","0","0","0","0","0","0","0","0","0","0","0","0","0","0","0","0","0","0","0","0","0","0"
"L8938","Tags","org.junit.jupiter.api.Tags","L2758","L103","D:\GitRepos\2022SourceMeter-CasadoCristianDavid\junit5-r5.8.0\junit-jupiter-api\src\main\java\org\junit\jupiter\api\Tags.java","35","1","47","2","0","0","0","0","0","0","0","0","0","0","0","1","1","1","0","0","1","1","0.636364","14","14","1","0","0.636364","14","0","0","0","0","0","8","13","0","0","0","0","1","0","0","0","1","0","0","0","0","8","13","0","0","0","0","1","0","0","0","1","0","0","0","0","0","0","0","0","0","0","0","0","0","0","0","0","0","0","0","0","0","0","0","0","0","0","0"
"L299","Test","org.junit.jupiter.api.Test","L2758","L103","D:\GitRepos\2022SourceMeter-CasadoCristianDavid\junit5-r5.8.0\junit-jupiter-api\src\main\java\org\junit\jupiter\api\Test.java","73","1","79","2","0","0","0","0","0","0","0","0","0","0","0","0","1","809","0","0","0","1","0.875","49","49","1","0","0.875","49","0","0","0","0","0","7","7","0","0","0","0","0","0","0","0","0","0","0","0","0","7","7","0","0","0","0","0","0","0","0","0","0","0","0","0","0","0","0","0","0","0","0","0","0","0","0","0","0","0","0","0","0","0","0","0","0","0","0"
"L1324","TestClassOrder","org.junit.jupiter.api.TestClassOrder","L2758","L103","D:\GitRepos\2022SourceMeter-CasadoCristianDavid\junit5-r5.8.0\junit-jupiter-api\src\main\java\org\junit\jupiter\api\TestClassOrder.java","67","1","85","2","0","0","0","0","0","0","0","0","0","0","0","1","1","3","0","0","1","1","0.866667","52","52","1","0","0.866667","52","0","0","0","0","0","8","19","0","0","0","0","1","0","0","0","1","0","0","0","0","8","19","0","0","0","0","1","0","0","0","1","0","0","0","0","0","0","0","0","0","0","0","0","0","0","0","0","0","0","0","0","0","0","0","0","0","0","0"
"L897","TestFactory","org.junit.jupiter.api.TestFactory","L2758","L103","D:\GitRepos\2022SourceMeter-CasadoCristianDavid\junit5-r5.8.0\junit-jupiter-api\src\main\java\org\junit\jupiter\api\TestFactory.java","73","1","79","2","0","0","0","0","0","0","0","0","0","0","0","0","1","40","0","0","0","1","0.875","49","49","1","0","0.875","49","0","0","0","0","0","7","7","0","0","0","0","0","0","0","0","0","0","0","0","0","7","7","0","0","0","0","0","0","0","0","0","0","0","0","0","0","0","0","0","0","0","0","0","0","0","0","0","0","0","0","0","0","0","0","0","0","0","0"
"L2028","TestInstance","org.junit.jupiter.api.TestInstance","L2758","L103","D:\GitRepos\2022SourceMeter-CasadoCristianDavid\junit5-r5.8.0\junit-jupiter-api\src\main\java\org\junit\jupiter\api\TestInstance.java","63","1","102","2","0","0","0","0","0","0","0","0","0","0","0","1","1","47","0","0","1","1","0.84","42","42","1","0","0.835616","61","0","0","0","0","0","8","20","0","0","0","0","1","0","0","0","1","0","0","0","0","12","40","2","0","2","0","1","2","0","0","1","0","2","0","0","0","0","6","0","0","0","0","0","0","0","0","0","0","0","0","0","0","0","0","0","0","0","6"
"L1070","TestMethodOrder","org.junit.jupiter.api.TestMethodOrder","L2758","L103","D:\GitRepos\2022SourceMeter-CasadoCristianDavid\junit5-r5.8.0\junit-jupiter-api\src\main\java\org\junit\jupiter\api\TestMethodOrder.java","65","1","83","2","0","0","0","0","0","0","0","0","0","0","0","1","1","23","0","0","1","1","0.862069","50","50","1","0","0.862069","50","0","0","0","0","0","8","19","0","0","0","0","1","0","0","0","1","0","0","0","0","8","19","0","0","0","0","1","0","0","0","1","0","0","0","0","0","0","0","0","0","0","0","0","0","0","0","0","0","0","0","0","0","0","0","0","0","0","0"
"L2182","TestTemplate","org.junit.jupiter.api.TestTemplate","L2758","L103","D:\GitRepos\2022SourceMeter-CasadoCristianDavid\junit5-r5.8.0\junit-jupiter-api\src\main\java\org\junit\jupiter\api\TestTemplate.java","78","1","84","2","0","0","0","0","0","0","0","0","0","0","0","0","1","17","0","0","0","1","0.885246","54","54","1","0","0.885246","54","0","0","0","0","0","7","7","0","0","0","0","0","0","0","0","0","0","0","0","0","7","7","0","0","0","0","0","0","0","0","0","0","0","0","0","0","0","0","0","0","0","0","0","0","0","0","0","0","0","0","0","0","0","0","0","0","0","0"
"L1683","Timeout","org.junit.jupiter.api.Timeout","L2758","L103","D:\GitRepos\2022SourceMeter-CasadoCristianDavid\junit5-r5.8.0\junit-jupiter-api\src\main\java\org\junit\jupiter\api\Timeout.java","89","1","111","2","0","0","0","0","0","0","0","0","0","0","0","2","0","15","1","0","2","1","0.892857","75","75","1","0","0.892857","75","0","0","0","0","0","9","23","0","0","0","0","2","0","0","0","2","0","0","0","0","9","23","0","0","0","0","2","0","0","0","2","0","0","0","0","0","0","0","0","0","0","0","0","0","0","0","0","0","0","0","0","0","0","0","0","0","0","0"
"L1246","EnableJUnit4MigrationSupport","org.junit.jupiter.migrationsupport.EnableJUnit4MigrationSupport","L24021","L103","D:\GitRepos\2022SourceMeter-CasadoCristianDavid\junit5-r5.8.0\junit-jupiter-migrationsupport\src\main\java\org\junit\jupiter\migrationsupport\EnableJUnit4MigrationSupport.java","51","1","57","2","0","0","0","0","0","0","0","0","0","0","0","0","3","2","0","0","0","1","0.766667","23","23","1","0","0.766667","23","0","0","0","0","0","7","7","0","0","0","0","0","0","0","0","0","0","0","0","0","7","7","0","0","0","0","0","0","0","0","0","0","0","0","0","0","0","0","0","0","0","0","0","0","0","0","0","0","0","0","0","0","0","0","0","0","0","0"
"L852","ParameterizedTest","org.junit.jupiter.params.ParameterizedTest","L24669","L103","D:\GitRepos\2022SourceMeter-CasadoCristianDavid\junit5-r5.8.0\junit-jupiter-params\src\main\java\org\junit\jupiter\params\ParameterizedTest.java","120","1","230","2","0","0","0","0","0","0","0","0","0","0","0","2","3","59","2","0","2","1","0.918782","181","181","1","0","0.918782","181","0","0","0","0","0","16","111","5","0","5","0","2","0","0","0","2","0","0","0","0","16","111","5","0","5","0","2","0","0","0","2","0","0","0","0","0","0","0","0","0","0","0","0","0","0","0","0","0","0","0","0","0","0","0","0","0","0","0"
"L40529","UniqueId","org.junit.platform.jfr.UniqueId","L40458","L103","D:\GitRepos\2022SourceMeter-CasadoCristianDavid\junit5-r5.8.0\junit-platform-jfr\src\main\java\org\junit\platform\jfr\UniqueId.java","22","1","28","2","0","0","0","0","0","0","0","0","0","0","0","0","0","0","0","0","0","0","0","0","0","0","1","0","0","0","0","0","0","0","7","7","0","0","0","0","0","0","0","0","0","0","0","0","0","7","7","0","0","0","0","0","0","0","0","0","0","0","0","0","0","0","3","0","0","0","0","0","0","0","0","0","0","0","3","0","0","0","0","0","0","0","0"
"L677","DisabledForJreRange","org.junit.jupiter.api.condition.DisabledForJreRange","L6005","L103","D:\GitRepos\2022SourceMeter-CasadoCristianDavid\junit5-r5.8.0\junit-jupiter-api\src\main\java\org\junit\jupiter\api\condition\DisabledForJreRange.java","67","1","110","2","0","0","0","0","0","0","0","0","0","0","0","3","3","3","1","0","3","1","0.86747","72","72","1","0","0.86747","72","0","0","0","0","0","11","44","0","0","0","0","3","0","0","0","3","0","0","0","0","11","44","0","0","0","0","3","0","0","0","3","0","0","0","0","0","0","0","0","0","0","0","0","0","0","0","0","0","0","0","0","0","0","0","0","0","0","0"
"L709","DisabledIf","org.junit.jupiter.api.condition.DisabledIf","L6005","L103","D:\GitRepos\2022SourceMeter-CasadoCristianDavid\junit5-r5.8.0\junit-jupiter-api\src\main\java\org\junit\jupiter\api\condition\DisabledIf.java","66","1","95","2","0","0","0","0","0","0","0","0","0","0","0","2","2","5","0","0","2","1","0.869565","60","60","1","0","0.869565","60","0","0","0","0","0","9","30","0","0","0","0","2","0","0","0","2","0","0","0","0","9","30","0","0","0","0","2","0","0","0","2","0","0","0","0","0","0","0","0","0","0","0","0","0","0","0","0","0","0","0","0","0","0","0","0","0","0","0"
"L699","DisabledIfEnvironmentVariable","org.junit.jupiter.api.condition.DisabledIfEnvironmentVariable","L6005","L103","D:\GitRepos\2022SourceMeter-CasadoCristianDavid\junit5-r5.8.0\junit-jupiter-api\src\main\java\org\junit\jupiter\api\condition\DisabledIfEnvironmentVariable.java","68","1","106","2","0","0","0","0","0","0","0","0","0","0","0","3","3","5","1","0","3","1","0.846154","66","66","1","0","0.846154","66","0","0","0","0","0","12","39","0","0","0","0","3","0","0","0","3","0","0","0","0","12","39","0","0","0","0","3","0","0","0","3","0","0","0","0","0","0","0","0","0","0","0","0","0","0","0","0","0","0","0","0","0","0","0","0","0","0","0"
"L6231","DisabledIfEnvironmentVariables","org.junit.jupiter.api.condition.DisabledIfEnvironmentVariables","L6005","L103","D:\GitRepos\2022SourceMeter-CasadoCristianDavid\junit5-r5.8.0\junit-jupiter-api\src\main\java\org\junit\jupiter\api\condition\DisabledIfEnvironmentVariables.java","35","1","47","2","0","0","0","0","0","0","0","0","0","0","0","1","1","1","0","0","1","1","0.695652","16","16","1","0","0.695652","16","0","0","0","0","0","7","13","0","0","0","0","1","0","0","0","1","0","0","0","0","7","13","0","0","0","0","1","0","0","0","1","0","0","0","0","0","0","0","0","0","0","0","0","0","0","0","0","0","0","0","0","0","0","0","0","0","0","0"
"L6271","DisabledIfSystemProperties","org.junit.jupiter.api.condition.DisabledIfSystemProperties","L6005","L103","D:\GitRepos\2022SourceMeter-CasadoCristianDavid\junit5-r5.8.0\junit-jupiter-api\src\main\java\org\junit\jupiter\api\condition\DisabledIfSystemProperties.java","35","1","47","2","0","0","0","0","0","0","0","0","0","0","0","1","1","1","0","0","1","1","0.695652","16","16","1","0","0.695652","16","0","0","0","0","0","7","13","0","0","0","0","1","0","0","0","1","0","0","0","0","7","13","0","0","0","0","1","0","0","0","1","0","0","0","0","0","0","0","0","0","0","0","0","0","0","0","0","0","0","0","0","0","0","0","0","0","0","0"
"L689","DisabledIfSystemProperty","org.junit.jupiter.api.condition.DisabledIfSystemProperty","L6005","L103","D:\GitRepos\2022SourceMeter-CasadoCristianDavid\junit5-r5.8.0\junit-jupiter-api\src\main\java\org\junit\jupiter\api\condition\DisabledIfSystemProperty.java","68","1","106","2","0","0","0","0","0","0","0","0","0","0","0","3","3","5","1","0","3","1","0.846154","66","66","1","0","0.846154","66","0","0","0","0","0","12","39","0","0","0","0","3","0","0","0","3","0","0","0","0","12","39","0","0","0","0","3","0","0","0","3","0","0","0","0","0","0","0","0","0","0","0","0","0","0","0","0","0","0","0","0","0","0","0","0","0","0","0"
"L673","DisabledOnJre","org.junit.jupiter.api.condition.DisabledOnJre","L6005","L103","D:\GitRepos\2022SourceMeter-CasadoCristianDavid\junit5-r5.8.0\junit-jupiter-api\src\main\java\org\junit\jupiter\api\condition\DisabledOnJre.java","67","1","94","2","0","0","0","0","0","0","0","0","0","0","0","2","3","4","1","0","2","1","0.852941","58","58","1","0","0.852941","58","0","0","0","0","0","10","28","0","0","0","0","2","0","0","0","2","0","0","0","0","10","28","0","0","0","0","2","0","0","0","2","0","0","0","0","0","0","0","0","0","0","0","0","0","0","0","0","0","0","0","0","0","0","0","0","0","0","0"
"L633","DisabledOnOs","org.junit.jupiter.api.condition.DisabledOnOs","L6005","L103","D:\GitRepos\2022SourceMeter-CasadoCristianDavid\junit5-r5.8.0\junit-jupiter-api\src\main\java\org\junit\jupiter\api\condition\DisabledOnOs.java","67","1","94","2","0","0","0","0","0","0","0","0","0","0","0","2","3","6","1","0","2","1","0.852941","58","58","1","0","0.852941","58","0","0","0","0","0","10","28","0","0","0","0","2","0","0","0","2","0","0","0","0","10","28","0","0","0","0","2","0","0","0","2","0","0","0","0","0","0","0","0","0","0","0","0","0","0","0","0","0","0","0","0","0","0","0","0","0","0","0"
"L665","EnabledForJreRange","org.junit.jupiter.api.condition.EnabledForJreRange","L6005","L103","D:\GitRepos\2022SourceMeter-CasadoCristianDavid\junit5-r5.8.0\junit-jupiter-api\src\main\java\org\junit\jupiter\api\condition\EnabledForJreRange.java","67","1","110","2","0","0","0","0","0","0","0","0","0","0","0","3","3","3","1","0","3","1","0.86747","72","72","1","0","0.86747","72","0","0","0","0","0","11","44","0","0","0","0","3","0","0","0","3","0","0","0","0","11","44","0","0","0","0","3","0","0","0","3","0","0","0","0","0","0","0","0","0","0","0","0","0","0","0","0","0","0","0","0","0","0","0","0","0","0","0"
"L705","EnabledIf","org.junit.jupiter.api.condition.EnabledIf","L6005","L103","D:\GitRepos\2022SourceMeter-CasadoCristianDavid\junit5-r5.8.0\junit-jupiter-api\src\main\java\org\junit\jupiter\api\condition\EnabledIf.java","66","1","95","2","0","0","0","0","0","0","0","0","0","0","0","2","2","6","0","0","2","1","0.869565","60","60","1","0","0.869565","60","0","0","0","0","0","9","30","0","0","0","0","2","0","0","0","2","0","0","0","0","9","30","0","0","0","0","2","0","0","0","2","0","0","0","0","0","0","0","0","0","0","0","0","0","0","0","0","0","0","0","0","0","0","0","0","0","0","0"
"L695","EnabledIfEnvironmentVariable","org.junit.jupiter.api.condition.EnabledIfEnvironmentVariable","L6005","L103","D:\GitRepos\2022SourceMeter-CasadoCristianDavid\junit5-r5.8.0\junit-jupiter-api\src\main\java\org\junit\jupiter\api\condition\EnabledIfEnvironmentVariable.java","67","1","105","2","0","0","0","0","0","0","0","0","0","0","0","3","3","5","1","0","3","1","0.844156","65","65","1","0","0.844156","65","0","0","0","0","0","12","39","0","0","0","0","3","0","0","0","3","0","0","0","0","12","39","0","0","0","0","3","0","0","0","3","0","0","0","0","0","0","0","0","0","0","0","0","0","0","0","0","0","0","0","0","0","0","0","0","0","0","0"
"L6383","EnabledIfEnvironmentVariables","org.junit.jupiter.api.condition.EnabledIfEnvironmentVariables","L6005","L103","D:\GitRepos\2022SourceMeter-CasadoCristianDavid\junit5-r5.8.0\junit-jupiter-api\src\main\java\org\junit\jupiter\api\condition\EnabledIfEnvironmentVariables.java","35","1","47","2","0","0","0","0","0","0","0","0","0","0","0","1","1","1","0","0","1","1","0.695652","16","16","1","0","0.695652","16","0","0","0","0","0","7","13","0","0","0","0","1","0","0","0","1","0","0","0","0","7","13","0","0","0","0","1","0","0","0","1","0","0","0","0","0","0","0","0","0","0","0","0","0","0","0","0","0","0","0","0","0","0","0","0","0","0","0"
"L6418","EnabledIfSystemProperties","org.junit.jupiter.api.condition.EnabledIfSystemProperties","L6005","L103","D:\GitRepos\2022SourceMeter-CasadoCristianDavid\junit5-r5.8.0\junit-jupiter-api\src\main\java\org\junit\jupiter\api\condition\EnabledIfSystemProperties.java","35","1","47","2","0","0","0","0","0","0","0","0","0","0","0","1","1","1","0","0","1","1","0.695652","16","16","1","0","0.695652","16","0","0","0","0","0","7","13","0","0","0","0","1","0","0","0","1","0","0","0","0","7","13","0","0","0","0","1","0","0","0","1","0","0","0","0","0","0","0","0","0","0","0","0","0","0","0","0","0","0","0","0","0","0","0","0","0","0","0"
"L685","EnabledIfSystemProperty","org.junit.jupiter.api.condition.EnabledIfSystemProperty","L6005","L103","D:\GitRepos\2022SourceMeter-CasadoCristianDavid\junit5-r5.8.0\junit-jupiter-api\src\main\java\org\junit\jupiter\api\condition\EnabledIfSystemProperty.java","67","1","105","2","0","0","0","0","0","0","0","0","0","0","0","3","3","5","1","0","3","1","0.844156","65","65","1","0","0.844156","65","0","0","0","0","0","12","39","0","0","0","0","3","0","0","0","3","0","0","0","0","12","39","0","0","0","0","3","0","0","0","3","0","0","0","0","0","0","0","0","0","0","0","0","0","0","0","0","0","0","0","0","0","0","0","0","0","0","0"
"L654","EnabledOnJre","org.junit.jupiter.api.condition.EnabledOnJre","L6005","L103","D:\GitRepos\2022SourceMeter-CasadoCristianDavid\junit5-r5.8.0\junit-jupiter-api\src\main\java\org\junit\jupiter\api\condition\EnabledOnJre.java","67","1","93","2","0","0","0","0","0","0","0","0","0","0","0","2","3","5","1","0","2","1","0.852941","58","58","1","0","0.852941","58","0","0","0","0","0","10","27","0","0","0","0","2","0","0","0","2","0","0","0","0","10","27","0","0","0","0","2","0","0","0","2","0","0","0","0","0","0","0","0","0","0","0","0","0","0","0","0","0","0","0","0","0","0","0","0","0","0","0"
"L620","EnabledOnOs","org.junit.jupiter.api.condition.EnabledOnOs","L6005","L103","D:\GitRepos\2022SourceMeter-CasadoCristianDavid\junit5-r5.8.0\junit-jupiter-api\src\main\java\org\junit\jupiter\api\condition\EnabledOnOs.java","67","1","94","2","0","0","0","0","0","0","0","0","0","0","0","2","3","5","1","0","2","1","0.852941","58","58","1","0","0.852941","58","0","0","0","0","0","10","28","0","0","0","0","2","0","0","0","2","0","0","0","0","10","28","0","0","0","0","2","0","0","0","2","0","0","0","0","0","0","0","0","0","0","0","0","0","0","0","0","0","0","0","0","0","0","0","0","0","0","0"
"L534","ExtendWith","org.junit.jupiter.api.extension.ExtendWith","L7711","L103","D:\GitRepos\2022SourceMeter-CasadoCristianDavid\junit5-r5.8.0\junit-jupiter-api\src\main\java\org\junit\jupiter\api\extension\ExtendWith.java","89","1","102","2","0","0","0","0","0","0","0","0","0","0","0","1","2","178","0","0","1","1","0.881579","67","67","1","0","0.881579","67","0","0","0","0","0","9","14","0","0","0","0","1","0","0","0","1","0","0","0","0","9","14","0","0","0","0","1","0","0","0","1","0","0","0","0","0","0","0","0","0","0","0","0","0","0","0","0","0","0","0","0","0","0","0","0","0","0","0"
"L7813","Extensions","org.junit.jupiter.api.extension.Extensions","L7711","L103","D:\GitRepos\2022SourceMeter-CasadoCristianDavid\junit5-r5.8.0\junit-jupiter-api\src\main\java\org\junit\jupiter\api\extension\Extensions.java","36","1","48","2","0","0","0","0","0","0","0","0","0","0","0","1","1","1","0","0","1","1","0.652174","15","15","1","0","0.652174","15","0","0","0","0","0","8","13","0","0","0","0","1","0","0","0","1","0","0","0","0","8","13","0","0","0","0","1","0","0","0","1","0","0","0","0","0","0","0","0","0","0","0","0","0","0","0","0","0","0","0","0","0","0","0","0","0","0","0"
"L292","RegisterExtension","org.junit.jupiter.api.extension.RegisterExtension","L7711","L103","D:\GitRepos\2022SourceMeter-CasadoCristianDavid\junit5-r5.8.0\junit-jupiter-api\src\main\java\org\junit\jupiter\api\extension\RegisterExtension.java","139","1","144","2","0","0","0","0","0","0","0","0","0","0","0","0","0","1","0","0","0","1","0.95082","116","116","1","0","0.95082","116","0","0","0","0","0","6","6","0","0","0","0","0","0","0","0","0","0","0","0","0","6","6","0","0","0","0","0","0","0","0","0","0","0","0","0","0","0","0","0","0","0","0","0","0","0","0","0","0","0","0","0","0","0","0","0","0","0","0"
"L1919","TempDir","org.junit.jupiter.api.io.TempDir","L8690","L103","D:\GitRepos\2022SourceMeter-CasadoCristianDavid\junit5-r5.8.0\junit-jupiter-api\src\main\java\org\junit\jupiter\api\io\TempDir.java","81","1","86","2","0","0","0","0","0","0","0","0","0","0","0","0","0","41","0","0","0","1","0.898305","53","53","1","0","0.898305","53","0","0","0","0","0","6","6","0","0","0","0","0","0","0","0","0","0","0","0","0","6","6","0","0","0","0","0","0","0","0","0","0","0","0","0","0","0","0","0","0","0","0","0","0","0","0","0","0","0","0","0","0","0","0","0","0","0","0"
"L1819","Execution","org.junit.jupiter.api.parallel.Execution","L8847","L103","D:\GitRepos\2022SourceMeter-CasadoCristianDavid\junit5-r5.8.0\junit-jupiter-api\src\main\java\org\junit\jupiter\api\parallel\Execution.java","34","1","47","2","0","0","0","0","0","0","0","0","0","0","0","1","1","12","0","0","1","1","0.695652","16","16","1","0","0.695652","16","0","0","0","0","0","7","14","0","0","0","0","1","0","0","0","1","0","0","0","0","7","14","0","0","0","0","1","0","0","0","1","0","0","0","0","0","0","0","0","0","0","0","0","0","0","0","0","0","0","0","0","0","0","0","0","0","0","0"
"L8871","Isolated","org.junit.jupiter.api.parallel.Isolated","L8847","L103","D:\GitRepos\2022SourceMeter-CasadoCristianDavid\junit5-r5.8.0\junit-jupiter-api\src\main\java\org\junit\jupiter\api\parallel\Isolated.java","36","1","51","2","0","0","0","0","0","0","0","0","0","0","0","1","1","3","0","0","1","1","0.703704","19","19","1","0","0.703704","19","0","0","0","0","0","8","16","0","0","0","0","1","0","0","0","1","0","0","0","0","8","16","0","0","0","0","1","0","0","0","1","0","0","0","0","0","0","0","0","0","0","0","0","0","0","0","0","0","0","0","0","0","0","0","0","0","0","0"
"L1841","ResourceLock","org.junit.jupiter.api.parallel.ResourceLock","L8847","L103","D:\GitRepos\2022SourceMeter-CasadoCristianDavid\junit5-r5.8.0\junit-jupiter-api\src\main\java\org\junit\jupiter\api\parallel\ResourceLock.java","49","1","72","2","0","0","0","0","0","0","0","0","0","0","0","2","2","24","1","0","2","1","0.804348","37","37","1","0","0.804348","37","0","0","0","0","0","9","24","0","0","0","0","2","0","0","0","2","0","0","0","0","9","24","0","0","0","0","2","0","0","0","2","0","0","0","0","0","0","0","0","0","0","0","0","0","0","0","0","0","0","0","0","0","0","0","0","0","0","0"
"L8892","ResourceLocks","org.junit.jupiter.api.parallel.ResourceLocks","L8847","L103","D:\GitRepos\2022SourceMeter-CasadoCristianDavid\junit5-r5.8.0\junit-jupiter-api\src\main\java\org\junit\jupiter\api\parallel\ResourceLocks.java","37","1","48","2","0","0","0","0","0","0","0","0","0","0","0","1","1","1","0","0","1","1","0.708333","17","17","1","0","0.708333","17","0","0","0","0","0","7","12","0","0","0","0","1","0","0","0","1","0","0","0","0","7","12","0","0","0","0","1","0","0","0","1","0","0","0","0","0","0","0","0","0","0","0","0","0","0","0","0","0","0","0","0","0","0","0","0","0","0","0"
"L9006","TrackLogRecords","org.junit.jupiter.api.fixtures.TrackLogRecords","L9003","L103","D:\GitRepos\2022SourceMeter-CasadoCristianDavid\junit5-r5.8.0\junit-jupiter-api\src\testFixtures\java\org\junit\jupiter\api\fixtures\TrackLogRecords.java","44","1","83","2","0","0","0","0","0","0","0","0","0","0","0","0","2","19","0","0","0","1","0.75","15","15","1","0","0.326087","15","0","0","0","0","0","5","7","0","0","0","0","0","0","0","0","0","0","0","0","0","31","40","0","2","0","2","6","0","4","0","6","8","0","4","0","0","0","17","0","0","0","0","0","0","1","0","0","0","0","15","0","0","1","0","0","0","0","0"
"L18126","MagicParameter","org.junit.jupiter.engine.extension.MagicParameter","L16670","L103","D:\GitRepos\2022SourceMeter-CasadoCristianDavid\junit5-r5.8.0\junit-jupiter-engine\src\test\java\org\junit\jupiter\engine\extension\ExtensionRegistrationViaParametersAndFieldsTests.java","740","1","766","2","0","0","0","0","0","0","0","0","0","0","0","1","2","11","0","0","1","0","0","0","0","0","1","0.08","2","0","0","0","0","0","6","8","0","0","0","0","1","0","0","0","1","0","0","0","0","23","27","0","0","0","0","3","0","2","0","3","5","0","2","0","0","0","13","0","0","0","0","0","0","1","0","0","0","0","12","0","0","0","0","0","0","0","0"
"L18344","ConstructorParameter","org.junit.jupiter.engine.extension.ConstructorParameter","L16670","L103","D:\GitRepos\2022SourceMeter-CasadoCristianDavid\junit5-r5.8.0\junit-jupiter-engine\src\test\java\org\junit\jupiter\engine\extension\ExtensionRegistrationViaParametersAndFieldsTests.java","791","1","797","2","0","0","0","0","0","0","0","0","0","0","0","0","2","3","0","0","0","0","0","0","0","0","1","0","0","0","0","0","0","0","5","5","0","0","0","0","0","0","0","0","0","0","0","0","0","7","7","1","0","0","0","0","0","0","0","3","0","0","2","0","0","0","6","0","0","0","0","0","0","0","0","0","0","0","6","0","0","0","0","0","0","0","0"
"L18352","BeforeAllParameter","org.junit.jupiter.engine.extension.BeforeAllParameter","L16670","L103","D:\GitRepos\2022SourceMeter-CasadoCristianDavid\junit5-r5.8.0\junit-jupiter-engine\src\test\java\org\junit\jupiter\engine\extension\ExtensionRegistrationViaParametersAndFieldsTests.java","799","1","806","2","0","0","0","0","0","0","0","0","0","0","0","0","0","2","0","0","0","0","0","0","0","0","1","0.25","2","0","0","0","0","0","4","6","0","0","0","0","0","0","0","0","0","0","0","0","0","6","8","1","0","0","0","0","0","0","0","3","0","0","2","0","0","0","2","0","0","0","0","0","0","0","0","0","0","0","2","0","0","0","0","0","0","0","0"
"L18376","AfterAllParameter","org.junit.jupiter.engine.extension.AfterAllParameter","L16670","L103","D:\GitRepos\2022SourceMeter-CasadoCristianDavid\junit5-r5.8.0\junit-jupiter-engine\src\test\java\org\junit\jupiter\engine\extension\ExtensionRegistrationViaParametersAndFieldsTests.java","808","1","814","2","0","0","0","0","0","0","0","0","0","0","0","0","2","2","0","0","0","0","0","0","0","0","1","0","0","0","0","0","0","0","5","5","0","0","0","0","0","0","0","0","0","0","0","0","0","7","7","1","0","0","0","0","0","0","0","3","0","0","2","0","0","0","6","0","0","0","0","0","0","0","0","0","0","0","6","0","0","0","0","0","0","0","0"
"L18359","BeforeEachParameter","org.junit.jupiter.engine.extension.BeforeEachParameter","L16670","L103","D:\GitRepos\2022SourceMeter-CasadoCristianDavid\junit5-r5.8.0\junit-jupiter-engine\src\test\java\org\junit\jupiter\engine\extension\ExtensionRegistrationViaParametersAndFieldsTests.java","816","1","822","2","0","0","0","0","0","0","0","0","0","0","0","0","2","2","0","0","0","0","0","0","0","0","1","0","0","0","0","0","0","0","5","5","0","0","0","0","0","0","0","0","0","0","0","0","0","7","7","1","0","0","0","0","0","0","0","3","0","0","2","0","0","0","6","0","0","0","0","0","0","0","0","0","0","0","6","0","0","0","0","0","0","0","0"
"L18371","AfterEachParameter","org.junit.jupiter.engine.extension.AfterEachParameter","L16670","L103","D:\GitRepos\2022SourceMeter-CasadoCristianDavid\junit5-r5.8.0\junit-jupiter-engine\src\test\java\org\junit\jupiter\engine\extension\ExtensionRegistrationViaParametersAndFieldsTests.java","824","1","830","2","0","0","0","0","0","0","0","0","0","0","0","0","2","2","0","0","0","0","0","0","0","0","1","0","0","0","0","0","0","0","5","5","0","0","0","0","0","0","0","0","0","0","0","0","0","7","7","1","0","0","0","0","0","0","0","3","0","0","2","0","0","0","6","0","0","0","0","0","0","0","0","0","0","0","6","0","0","0","0","0","0","0","0"
"L18366","TestParameter","org.junit.jupiter.engine.extension.TestParameter","L16670","L103","D:\GitRepos\2022SourceMeter-CasadoCristianDavid\junit5-r5.8.0\junit-jupiter-engine\src\test\java\org\junit\jupiter\engine\extension\ExtensionRegistrationViaParametersAndFieldsTests.java","832","1","838","2","0","0","0","0","0","0","0","0","0","0","0","0","2","2","0","0","0","0","0","0","0","0","1","0","0","0","0","0","0","0","5","5","0","0","0","0","0","0","0","0","0","0","0","0","0","7","7","1","0","0","0","0","0","0","0","3","0","0","2","0","0","0","6","0","0","0","0","0","0","0","0","0","0","0","6","0","0","0","0","0","0","0","0"
"L18281","MagicField","org.junit.jupiter.engine.extension.MagicField","L16670","L103","D:\GitRepos\2022SourceMeter-CasadoCristianDavid\junit5-r5.8.0\junit-jupiter-engine\src\test\java\org\junit\jupiter\engine\extension\ExtensionRegistrationViaParametersAndFieldsTests.java","876","1","882","2","0","0","0","0","0","0","0","0","0","0","0","0","2","1","0","0","0","0","0","0","0","0","1","0","0","0","0","0","0","0","5","5","0","0","0","0","0","0","0","0","0","0","0","0","0","7","7","1","0","0","0","0","0","0","0","4","0","0","2","0","0","0","6","0","0","0","0","0","0","0","0","0","0","0","6","0","0","0","0","0","0","0","0"
"L18324","InstanceField1","org.junit.jupiter.engine.extension.InstanceField1","L16670","L103","D:\GitRepos\2022SourceMeter-CasadoCristianDavid\junit5-r5.8.0\junit-jupiter-engine\src\test\java\org\junit\jupiter\engine\extension\ExtensionRegistrationViaParametersAndFieldsTests.java","884","1","890","2","0","0","0","0","0","0","0","0","0","0","0","0","2","1","0","0","0","0","0","0","0","0","1","0","0","0","0","0","0","0","5","5","0","0","0","0","0","0","0","0","0","0","0","0","0","7","7","1","0","0","0","0","0","0","0","4","0","0","2","0","0","0","6","0","0","0","0","0","0","0","0","0","0","0","6","0","0","0","0","0","0","0","0"
"L18328","InstanceField2","org.junit.jupiter.engine.extension.InstanceField2","L16670","L103","D:\GitRepos\2022SourceMeter-CasadoCristianDavid\junit5-r5.8.0\junit-jupiter-engine\src\test\java\org\junit\jupiter\engine\extension\ExtensionRegistrationViaParametersAndFieldsTests.java","892","1","899","2","0","0","0","0","0","0","0","0","0","0","0","0","0","1","0","0","0","0","0","0","0","0","1","0.25","2","0","0","0","0","0","4","6","0","0","0","0","0","0","0","0","0","0","0","0","0","6","8","1","0","0","0","0","0","0","0","4","0","0","2","0","0","0","2","0","0","0","0","0","0","0","0","0","0","0","2","0","0","0","0","0","0","0","0"
"L18305","StaticField1","org.junit.jupiter.engine.extension.StaticField1","L16670","L103","D:\GitRepos\2022SourceMeter-CasadoCristianDavid\junit5-r5.8.0\junit-jupiter-engine\src\test\java\org\junit\jupiter\engine\extension\ExtensionRegistrationViaParametersAndFieldsTests.java","901","1","907","2","0","0","0","0","0","0","0","0","0","0","0","0","2","1","0","0","0","0","0","0","0","0","1","0","0","0","0","0","0","0","5","5","0","0","0","0","0","0","0","0","0","0","0","0","0","7","7","1","0","0","0","0","0","0","0","4","0","0","2","0","0","0","6","0","0","0","0","0","0","0","0","0","0","0","6","0","0","0","0","0","0","0","0"
"L18309","StaticField2","org.junit.jupiter.engine.extension.StaticField2","L16670","L103","D:\GitRepos\2022SourceMeter-CasadoCristianDavid\junit5-r5.8.0\junit-jupiter-engine\src\test\java\org\junit\jupiter\engine\extension\ExtensionRegistrationViaParametersAndFieldsTests.java","909","1","916","2","0","0","0","0","0","0","0","0","0","0","0","0","0","1","0","0","0","0","0","0","0","0","1","0.25","2","0","0","0","0","0","4","6","0","0","0","0","0","0","0","0","0","0","0","0","0","6","8","1","0","0","0","0","0","0","0","4","0","0","2","0","0","0","2","0","0","0","0","0","0","0","0","0","0","0","2","0","0","0","0","0","0","0","0"
"L22313","BeforeAllAndAfterAllComposedAnnotationTests$CustomBeforeAll","org.junit.jupiter.engine.BeforeAllAndAfterAllComposedAnnotationTests$CustomBeforeAll","L22300","L103","D:\GitRepos\2022SourceMeter-CasadoCristianDavid\junit5-r5.8.0\junit-jupiter-engine\src\test\java\org\junit\jupiter\engine\BeforeAllAndAfterAllComposedAnnotationTests.java","62","2","65","3","0","0","0","0","0","0","0","0","0","0","0","0","1","1","0","0","0","0","0","0","0","0","1","0","0","0","0","0","0","0","4","4","0","0","0","0","0","0","0","0","0","0","0","0","0","4","4","0","0","0","0","0","0","0","0","0","0","0","0","0","0","0","3","0","0","0","0","0","0","0","0","0","0","0","3","0","0","0","0","0","0","0","0"
"L22318","BeforeAllAndAfterAllComposedAnnotationTests$CustomAfterAll","org.junit.jupiter.engine.BeforeAllAndAfterAllComposedAnnotationTests$CustomAfterAll","L22300","L103","D:\GitRepos\2022SourceMeter-CasadoCristianDavid\junit5-r5.8.0\junit-jupiter-engine\src\test\java\org\junit\jupiter\engine\BeforeAllAndAfterAllComposedAnnotationTests.java","67","2","70","3","0","0","0","0","0","0","0","0","0","0","0","0","1","1","0","0","0","0","0","0","0","0","1","0","0","0","0","0","0","0","4","4","0","0","0","0","0","0","0","0","0","0","0","0","0","4","4","0","0","0","0","0","0","0","0","0","0","0","0","0","0","0","3","0","0","0","0","0","0","0","0","0","0","0","3","0","0","0","0","0","0","0","0"
"L22334","BeforeEachAndAfterEachComposedAnnotationTests$CustomBeforeEach","org.junit.jupiter.engine.BeforeEachAndAfterEachComposedAnnotationTests$CustomBeforeEach","L22321","L103","D:\GitRepos\2022SourceMeter-CasadoCristianDavid\junit5-r5.8.0\junit-jupiter-engine\src\test\java\org\junit\jupiter\engine\BeforeEachAndAfterEachComposedAnnotationTests.java","62","2","65","3","0","0","0","0","0","0","0","0","0","0","0","0","1","1","0","0","0","0","0","0","0","0","1","0","0","0","0","0","0","0","4","4","0","0","0","0","0","0","0","0","0","0","0","0","0","4","4","0","0","0","0","0","0","0","0","0","0","0","0","0","0","0","3","0","0","0","0","0","0","0","0","0","0","0","3","0","0","0","0","0","0","0","0"
"L22339","BeforeEachAndAfterEachComposedAnnotationTests$CustomAfterEach","org.junit.jupiter.engine.BeforeEachAndAfterEachComposedAnnotationTests$CustomAfterEach","L22321","L103","D:\GitRepos\2022SourceMeter-CasadoCristianDavid\junit5-r5.8.0\junit-jupiter-engine\src\test\java\org\junit\jupiter\engine\BeforeEachAndAfterEachComposedAnnotationTests.java","67","2","70","3","0","0","0","0","0","0","0","0","0","0","0","0","1","1","0","0","0","0","0","0","0","0","1","0","0","0","0","0","0","0","4","4","0","0","0","0","0","0","0","0","0","0","0","0","0","4","4","0","0","0","0","0","0","0","0","0","0","0","0","0","0","0","3","0","0","0","0","0","0","0","0","0","0","0","3","0","0","0","0","0","0","0","0"
"L23644","TestInstanceLifecycleTests$SingletonTest","org.junit.jupiter.engine.TestInstanceLifecycleTests$SingletonTest","L23476","L103","D:\GitRepos\2022SourceMeter-CasadoCristianDavid\junit5-r5.8.0\junit-jupiter-engine\src\test\java\org\junit\jupiter\engine\TestInstanceLifecycleTests.java","1061","2","1065","3","0","0","0","0","0","0","0","0","0","0","0","0","1","5","0","0","0","0","0","0","0","0","1","0","0","0","0","0","0","0","5","5","0","0","0","0","0","0","0","0","0","0","0","0","0","5","5","0","0","0","0","0","0","0","0","0","0","0","0","0","0","0","3","0","0","0","0","0","0","0","0","0","0","0","3","0","0","0","0","0","0","0","0"
"L24118","EnableRuleMigrationSupport","org.junit.jupiter.migrationsupport.rules.EnableRuleMigrationSupport","L24121","L103","D:\GitRepos\2022SourceMeter-CasadoCristianDavid\junit5-r5.8.0\junit-jupiter-migrationsupport\src\main\java\org\junit\jupiter\migrationsupport\rules\EnableRuleMigrationSupport.java","40","1","47","2","0","0","0","0","0","0","0","0","0","0","0","0","4","3","0","0","0","1","0.68","17","17","1","0","0.68","17","0","0","0","0","0","8","8","0","0","0","0","0","0","0","0","0","0","0","0","0","8","8","0","0","0","0","0","0","0","0","0","0","0","0","0","0","0","0","0","0","0","0","0","0","0","0","0","0","0","0","0","0","0","0","0","0","0","0"
"L1633","AggregateWith","org.junit.jupiter.params.aggregator.AggregateWith","L24696","L103","D:\GitRepos\2022SourceMeter-CasadoCristianDavid\junit5-r5.8.0\junit-jupiter-params\src\main\java\org\junit\jupiter\params\aggregator\AggregateWith.java","40","1","48","2","0","0","0","0","0","0","0","0","0","0","0","1","1","11","0","0","1","1","0.708333","17","17","1","0","0.708333","17","0","0","0","0","0","7","9","0","0","0","0","1","0","0","0","1","0","0","0","0","7","9","0","0","0","0","1","0","0","0","1","0","0","0","0","0","0","2","0","0","0","0","0","0","0","0","0","0","0","2","0","0","0","0","0","0","0","0"
"L1554","ConvertWith","org.junit.jupiter.params.converter.ConvertWith","L25100","L103","D:\GitRepos\2022SourceMeter-CasadoCristianDavid\junit5-r5.8.0\junit-jupiter-params\src\main\java\org\junit\jupiter\params\converter\ConvertWith.java","35","1","46","2","0","0","0","0","0","0","0","0","0","0","0","1","1","6","0","0","1","1","0.681818","15","15","1","0","0.681818","15","0","0","0","0","0","7","12","0","0","0","0","1","0","0","0","1","0","0","0","0","7","12","0","0","0","0","1","0","0","0","1","0","0","0","0","0","0","0","0","0","0","0","0","0","0","0","0","0","0","0","0","0","0","0","0","0","0","0"
"L1604","JavaTimeConversionPattern","org.junit.jupiter.params.converter.JavaTimeConversionPattern","L25100","L103","D:\GitRepos\2022SourceMeter-CasadoCristianDavid\junit5-r5.8.0\junit-jupiter-params\src\main\java\org\junit\jupiter\params\converter\JavaTimeConversionPattern.java","33","1","47","2","0","0","0","0","0","0","0","0","0","0","0","1","2","3","1","0","1","1","0.636364","14","14","1","0","0.636364","14","0","0","0","0","0","8","15","0","0","0","0","1","0","0","0","1","0","0","0","0","8","15","0","0","0","0","1","0","0","0","1","0","0","0","0","0","0","0","0","0","0","0","0","0","0","0","0","0","0","0","0","0","0","0","0","0","0","0"
"L1489","ArgumentsSource","org.junit.jupiter.params.provider.ArgumentsSource","L26257","L103","D:\GitRepos\2022SourceMeter-CasadoCristianDavid\junit5-r5.8.0\junit-jupiter-params\src\main\java\org\junit\jupiter\params\provider\ArgumentsSource.java","36","1","48","2","0","0","0","0","0","0","0","0","0","0","0","1","2","17","0","0","1","1","0.652174","15","15","1","0","0.652174","15","0","0","0","0","0","8","13","0","0","0","0","1","0","0","0","1","0","0","0","0","8","13","0","0","0","0","1","0","0","0","1","0","0","0","0","0","0","0","0","0","0","0","0","0","0","0","0","0","0","0","0","0","0","0","0","0","0","0"
"L26303","ArgumentsSources","org.junit.jupiter.params.provider.ArgumentsSources","L26257","L103","D:\GitRepos\2022SourceMeter-CasadoCristianDavid\junit5-r5.8.0\junit-jupiter-params\src\main\java\org\junit\jupiter\params\provider\ArgumentsSources.java","34","1","46","2","0","0","0","0","0","0","0","0","0","0","0","1","1","1","0","0","1","1","0.681818","15","15","1","0","0.681818","15","0","0","0","0","0","7","13","0","0","0","0","1","0","0","0","1","0","0","0","0","7","13","0","0","0","0","1","0","0","0","1","0","0","0","0","0","0","0","0","0","0","0","0","0","0","0","0","0","0","0","0","0","0","0","0","0","0","0"
"L1478","CsvFileSource","org.junit.jupiter.params.provider.CsvFileSource","L26257","L103","D:\GitRepos\2022SourceMeter-CasadoCristianDavid\junit5-r5.8.0\junit-jupiter-params\src\main\java\org\junit\jupiter\params\provider\CsvFileSource.java","38","1","159","2","0","0","0","0","0","0","0","0","0","0","0","11","2","9","6","0","11","1","0.84","105","105","1","0","0.84","105","0","0","0","0","0","20","122","0","0","0","0","11","0","0","0","11","0","0","0","0","20","122","0","0","0","0","11","0","0","0","11","0","0","0","0","0","0","0","0","0","0","0","0","0","0","0","0","0","0","0","0","0","0","0","0","0","0","0"
"L1469","CsvSource","org.junit.jupiter.params.provider.CsvSource","L26257","L103","D:\GitRepos\2022SourceMeter-CasadoCristianDavid\junit5-r5.8.0\junit-jupiter-params\src\main\java\org\junit\jupiter\params\provider\CsvSource.java","40","1","131","2","0","0","0","0","0","0","0","0","0","0","0","7","2","15","3","0","7","1","0.841584","85","85","1","0","0.841584","85","0","0","0","0","0","16","92","0","0","0","0","7","0","0","0","7","0","0","0","0","16","92","0","0","0","0","7","0","0","0","7","0","0","0","0","0","0","0","0","0","0","0","0","0","0","0","0","0","0","0","0","0","0","0","0","0","0","0"
"L1362","EmptySource","org.junit.jupiter.params.provider.EmptySource","L26257","L103","D:\GitRepos\2022SourceMeter-CasadoCristianDavid\junit5-r5.8.0\junit-jupiter-params\src\main\java\org\junit\jupiter\params\provider\EmptySource.java","47","1","53","2","0","0","0","0","0","0","0","0","0","0","0","0","2","3","0","0","0","1","0.774194","24","24","1","0","0.774194","24","0","0","0","0","0","7","7","0","0","0","0","0","0","0","0","0","0","0","0","0","7","7","0","0","0","0","0","0","0","0","0","0","0","0","0","0","0","0","0","0","0","0","0","0","0","0","0","0","0","0","0","0","0","0","0","0","0","0"
"L1378","EnumSource","org.junit.jupiter.params.provider.EnumSource","L26257","L103","D:\GitRepos\2022SourceMeter-CasadoCristianDavid\junit5-r5.8.0\junit-jupiter-params\src\main\java\org\junit\jupiter\params\provider\EnumSource.java","48","1","171","2","0","0","0","0","0","0","0","0","0","0","0","3","4","8","2","0","3","1","0.833333","50","50","1","0","0.593496","73","0","0","0","0","0","10","50","0","0","0","0","3","0","0","0","3","0","0","0","0","50","124","6","0","6","0","13","4","1","0","13","13","4","1","0","0","0","31","0","0","1","0","0","0","1","0","0","0","0","23","0","0","0","0","0","0","0","7"
"L1227","MethodSource","org.junit.jupiter.params.provider.MethodSource","L26257","L103","D:\GitRepos\2022SourceMeter-CasadoCristianDavid\junit5-r5.8.0\junit-jupiter-params\src\main\java\org\junit\jupiter\params\provider\MethodSource.java","99","1","122","2","0","0","0","0","0","0","0","0","0","0","0","1","2","19","1","0","1","1","0.917526","89","89","1","0","0.917526","89","0","0","0","0","0","8","24","0","0","0","0","1","0","0","0","1","0","0","0","0","8","24","0","0","0","0","1","0","0","0","1","0","0","0","0","0","0","0","0","0","0","0","0","0","0","0","0","0","0","0","0","0","0","0","0","0","0","0"
"L1372","NullAndEmptySource","org.junit.jupiter.params.provider.NullAndEmptySource","L26257","L103","D:\GitRepos\2022SourceMeter-CasadoCristianDavid\junit5-r5.8.0\junit-jupiter-params\src\main\java\org\junit\jupiter\params\provider\NullAndEmptySource.java","37","1","44","2","0","0","0","0","0","0","0","0","0","0","0","0","2","3","0","0","0","1","0.636364","14","14","1","0","0.636364","14","0","0","0","0","0","8","8","0","0","0","0","0","0","0","0","0","0","0","0","0","8","8","0","0","0","0","0","0","0","0","0","0","0","0","0","0","0","0","0","0","0","0","0","0","0","0","0","0","0","0","0","0","0","0","0","0","0","0"
"L1359","NullSource","org.junit.jupiter.params.provider.NullSource","L26257","L103","D:\GitRepos\2022SourceMeter-CasadoCristianDavid\junit5-r5.8.0\junit-jupiter-params\src\main\java\org\junit\jupiter\params\provider\NullSource.java","37","1","43","2","0","0","0","0","0","0","0","0","0","0","0","0","2","4","0","0","0","1","0.666667","14","14","1","0","0.666667","14","0","0","0","0","0","7","7","0","0","0","0","0","0","0","0","0","0","0","0","0","7","7","0","0","0","0","0","0","0","0","0","0","0","0","0","0","0","0","0","0","0","0","0","0","0","0","0","0","0","0","0","0","0","0","0","0","0","0"
"L855","ValueSource","org.junit.jupiter.params.provider.ValueSource","L26257","L103","D:\GitRepos\2022SourceMeter-CasadoCristianDavid\junit5-r5.8.0\junit-jupiter-params\src\main\java\org\junit\jupiter\params\provider\ValueSource.java","40","1","109","2","0","0","0","0","0","0","0","0","0","0","0","10","2","23","1","0","10","1","0.776316","59","59","1","0","0.776316","59","0","0","0","0","0","17","70","0","0","0","0","10","0","0","0","10","0","0","0","0","17","70","0","0","0","0","10","0","0","0","10","0","0","0","0","0","0","0","0","0","0","0","0","0","0","0","0","0","0","0","0","0","0","0","0","0","0","0"
"L8948","Testable","org.junit.platform.commons.annotation.Testable","L32004","L103","D:\GitRepos\2022SourceMeter-CasadoCristianDavid\junit5-r5.8.0\junit-platform-commons\src\main\java\org\junit\platform\commons\annotation\Testable.java","76","1","81","2","0","0","0","0","0","0","0","0","0","0","0","0","0","5","0","0","0","1","0.9","54","54","1","0","0.9","54","0","0","0","0","0","6","6","0","0","0","0","0","0","0","0","0","0","0","0","0","6","6","0","0","0","0","0","0","0","0","0","0","0","0","0","0","0","0","0","0","0","0","0","0","0","0","0","0","0","0","0","0","0","0","0","0","0","0"
"L44868","TagFilterTests$Tag1","org.junit.platform.launcher.TagFilterTests$Tag1","L44790","L103","D:\GitRepos\2022SourceMeter-CasadoCristianDavid\junit5-r5.8.0\platform-tests\src\test\java\org\junit\platform\launcher\TagFilterTests.java","185","2","188","3","0","0","0","0","0","0","0","0","0","0","0","0","1","2","0","0","0","1","0.2","1","1","1","0","0.2","1","0","0","0","0","0","4","4","0","0","0","0","0","0","0","0","0","0","0","0","0","4","4","0","0","0","0","0","0","0","0","0","0","0","0","0","0","0","2","0","0","0","0","0","0","0","0","0","0","0","2","0","0","0","0","0","0","0","0"
"L44870","TagFilterTests$Tag2","org.junit.platform.launcher.TagFilterTests$Tag2","L44790","L103","D:\GitRepos\2022SourceMeter-CasadoCristianDavid\junit5-r5.8.0\platform-tests\src\test\java\org\junit\platform\launcher\TagFilterTests.java","190","2","193","3","0","0","0","0","0","0","0","0","0","0","0","0","1","2","0","0","0","0","0","0","0","0","1","0","0","0","0","0","0","0","4","4","0","0","0","0","0","0","0","0","0","0","0","0","0","4","4","0","0","0","0","0","0","0","0","0","0","0","0","0","0","0","3","0","0","0","0","0","0","0","0","0","0","0","3","0","0","0","0","0","0","0","0"
"L46206","ConfigurationParameter","org.junit.platform.suite.api.ConfigurationParameter","L46172","L103","D:\GitRepos\2022SourceMeter-CasadoCristianDavid\junit5-r5.8.0\junit-platform-suite-api\src\main\java\org\junit\platform\suite\api\ConfigurationParameter.java","36","1","55","2","0","0","0","0","0","0","0","0","0","0","0","2","1","3","1","0","2","1","0.655172","19","19","1","0","0.655172","19","0","0","0","0","0","10","20","0","0","0","0","2","0","0","0","2","0","0","0","0","10","20","0","0","0","0","2","0","0","0","2","0","0","0","0","0","0","0","0","0","0","0","0","0","0","0","0","0","0","0","0","0","0","0","0","0","0","0"
"L46208","ConfigurationParameters","org.junit.platform.suite.api.ConfigurationParameters","L46172","L103","D:\GitRepos\2022SourceMeter-CasadoCristianDavid\junit5-r5.8.0\junit-platform-suite-api\src\main\java\org\junit\platform\suite\api\ConfigurationParameters.java","34","1","46","2","0","0","0","0","0","0","0","0","0","0","0","1","1","1","0","0","1","1","0.652174","15","15","1","0","0.652174","15","0","0","0","0","0","8","13","0","0","0","0","1","0","0","0","1","0","0","0","0","8","13","0","0","0","0","1","0","0","0","1","0","0","0","0","0","0","0","0","0","0","0","0","0","0","0","0","0","0","0","0","0","0","0","0","0","0","0"
"L46221","DisableParentConfigurationParameters","org.junit.platform.suite.api.DisableParentConfigurationParameters","L46172","L103","D:\GitRepos\2022SourceMeter-CasadoCristianDavid\junit5-r5.8.0\junit-platform-suite-api\src\main\java\org\junit\platform\suite\api\DisableParentConfigurationParameters.java","38","1","44","2","0","0","0","0","0","0","0","0","0","0","0","0","0","2","0","0","0","1","0.681818","15","15","1","0","0.681818","15","0","0","0","0","0","7","7","0","0","0","0","0","0","0","0","0","0","0","0","0","7","7","0","0","0","0","0","0","0","0","0","0","0","0","0","0","0","0","0","0","0","0","0","0","0","0","0","0","0","0","0","0","0","0","0","0","0","0"
"L46005","ExcludeClassNamePatterns","org.junit.platform.suite.api.ExcludeClassNamePatterns","L46172","L103","D:\GitRepos\2022SourceMeter-CasadoCristianDavid\junit5-r5.8.0\junit-platform-suite-api\src\main\java\org\junit\platform\suite\api\ExcludeClassNamePatterns.java","38","1","50","2","0","0","0","0","0","0","0","0","0","0","0","1","0","6","0","0","1","1","0.68","17","17","1","0","0.68","17","0","0","0","0","0","8","13","0","0","0","0","1","0","0","0","1","0","0","0","0","8","13","0","0","0","0","1","0","0","0","1","0","0","0","0","0","0","0","0","0","0","0","0","0","0","0","0","0","0","0","0","0","0","0","0","0","0","0"
"L45982","ExcludeEngines","org.junit.platform.suite.api.ExcludeEngines","L46172","L103","D:\GitRepos\2022SourceMeter-CasadoCristianDavid\junit5-r5.8.0\junit-platform-suite-api\src\main\java\org\junit\platform\suite\api\ExcludeEngines.java","34","1","46","2","0","0","0","0","0","0","0","0","0","0","0","1","0","3","0","0","1","1","0.619048","13","13","1","0","0.619048","13","0","0","0","0","0","8","13","0","0","0","0","1","0","0","0","1","0","0","0","0","8","13","0","0","0","0","1","0","0","0","1","0","0","0","0","0","0","0","0","0","0","0","0","0","0","0","0","0","0","0","0","0","0","0","0","0","0","0"
"L45949","ExcludePackages","org.junit.platform.suite.api.ExcludePackages","L46172","L103","D:\GitRepos\2022SourceMeter-CasadoCristianDavid\junit5-r5.8.0\junit-platform-suite-api\src\main\java\org\junit\platform\suite\api\ExcludePackages.java","33","1","45","2","0","0","0","0","0","0","0","0","0","0","0","1","0","3","0","0","1","1","0.6","12","12","1","0","0.6","12","0","0","0","0","0","8","13","0","0","0","0","1","0","0","0","1","0","0","0","0","8","13","0","0","0","0","1","0","0","0","1","0","0","0","0","0","0","0","0","0","0","0","0","0","0","0","0","0","0","0","0","0","0","0","0","0","0","0"
"L878","ExcludeTags","org.junit.platform.suite.api.ExcludeTags","L46172","L103","D:\GitRepos\2022SourceMeter-CasadoCristianDavid\junit5-r5.8.0\junit-platform-suite-api\src\main\java\org\junit\platform\suite\api\ExcludeTags.java","61","1","77","2","0","0","0","0","0","0","0","0","0","0","0","1","0","7","0","0","1","1","0.846154","44","44","1","0","0.846154","44","0","0","0","0","0","8","17","0","0","0","0","1","0","0","0","1","0","0","0","0","8","17","0","0","0","0","1","0","0","0","1","0","0","0","0","0","0","0","0","0","0","0","0","0","0","0","0","0","0","0","0","0","0","0","0","0","0","0"
"L875","IncludeClassNamePatterns","org.junit.platform.suite.api.IncludeClassNamePatterns","L46172","L103","D:\GitRepos\2022SourceMeter-CasadoCristianDavid\junit5-r5.8.0\junit-platform-suite-api\src\main\java\org\junit\platform\suite\api\IncludeClassNamePatterns.java","39","1","58","2","0","0","0","0","0","0","0","0","0","0","0","1","0","17","0","0","1","1","0.757576","25","25","1","0","0.757576","25","0","0","0","0","0","8","20","0","0","0","0","1","0","0","0","1","0","0","0","0","8","20","0","0","0","0","1","0","0","0","1","0","0","0","0","0","0","0","0","0","0","0","0","0","0","0","0","0","0","0","0","0","0","0","0","0","0","0"
"L24017","IncludeEngines","org.junit.platform.suite.api.IncludeEngines","L46172","L103","D:\GitRepos\2022SourceMeter-CasadoCristianDavid\junit5-r5.8.0\junit-platform-suite-api\src\main\java\org\junit\platform\suite\api\IncludeEngines.java","34","1","46","2","0","0","0","0","0","0","0","0","0","0","0","1","0","8","0","0","1","1","0.619048","13","13","1","0","0.619048","13","0","0","0","0","0","8","13","0","0","0","0","1","0","0","0","1","0","0","0","0","8","13","0","0","0","0","1","0","0","0","1","0","0","0","0","0","0","0","0","0","0","0","0","0","0","0","0","0","0","0","0","0","0","0","0","0","0","0"
"L45941","IncludePackages","org.junit.platform.suite.api.IncludePackages","L46172","L103","D:\GitRepos\2022SourceMeter-CasadoCristianDavid\junit5-r5.8.0\junit-platform-suite-api\src\main\java\org\junit\platform\suite\api\IncludePackages.java","33","1","45","2","0","0","0","0","0","0","0","0","0","0","0","1","0","3","0","0","1","1","0.6","12","12","1","0","0.6","12","0","0","0","0","0","8","13","0","0","0","0","1","0","0","0","1","0","0","0","0","8","13","0","0","0","0","1","0","0","0","1","0","0","0","0","0","0","0","0","0","0","0","0","0","0","0","0","0","0","0","0","0","0","0","0","0","0","0"
"L45957","IncludeTags","org.junit.platform.suite.api.IncludeTags","L46172","L103","D:\GitRepos\2022SourceMeter-CasadoCristianDavid\junit5-r5.8.0\junit-platform-suite-api\src\main\java\org\junit\platform\suite\api\IncludeTags.java","61","1","77","2","0","0","0","0","0","0","0","0","0","0","0","1","0","4","0","0","1","1","0.846154","44","44","1","0","0.846154","44","0","0","0","0","0","8","17","0","0","0","0","1","0","0","0","1","0","0","0","0","8","17","0","0","0","0","1","0","0","0","1","0","0","0","0","0","0","0","0","0","0","0","0","0","0","0","0","0","0","0","0","0","0","0","0","0","0","0"
"L45715","SelectClasses","org.junit.platform.suite.api.SelectClasses","L46172","L103","D:\GitRepos\2022SourceMeter-CasadoCristianDavid\junit5-r5.8.0\junit-platform-suite-api\src\main\java\org\junit\platform\suite\api\SelectClasses.java","32","1","44","2","0","0","0","0","0","0","0","0","0","0","0","1","0","15","0","0","1","1","0.578947","11","11","1","0","0.578947","11","0","0","0","0","0","8","13","0","0","0","0","1","0","0","0","1","0","0","0","0","8","13","0","0","0","0","1","0","0","0","1","0","0","0","0","0","0","0","0","0","0","0","0","0","0","0","0","0","0","0","0","0","0","0","0","0","0","0"
"L45718","SelectClasspathResource","org.junit.platform.suite.api.SelectClasspathResource","L46172","L103","D:\GitRepos\2022SourceMeter-CasadoCristianDavid\junit5-r5.8.0\junit-platform-suite-api\src\main\java\org\junit\platform\suite\api\SelectClasspathResource.java","34","1","59","2","0","0","0","0","0","0","0","0","0","0","0","3","1","5","1","0","3","1","0.65625","21","21","1","0","0.65625","21","0","0","0","0","0","11","26","0","0","0","0","3","0","0","0","3","0","0","0","0","11","26","0","0","0","0","3","0","0","0","3","0","0","0","0","0","0","0","0","0","0","0","0","0","0","0","0","0","0","0","0","0","0","0","0","0","0","0"
"L46255","SelectClasspathResources","org.junit.platform.suite.api.SelectClasspathResources","L46172","L103","D:\GitRepos\2022SourceMeter-CasadoCristianDavid\junit5-r5.8.0\junit-platform-suite-api\src\main\java\org\junit\platform\suite\api\SelectClasspathResources.java","34","1","47","2","0","0","0","0","0","0","0","0","0","0","0","1","1","1","0","0","1","1","0.652174","15","15","1","0","0.652174","15","0","0","0","0","0","8","14","0","0","0","0","1","0","0","0","1","0","0","0","0","8","14","0","0","0","0","1","0","0","0","1","0","0","0","0","0","0","0","0","0","0","0","0","0","0","0","0","0","0","0","0","0","0","0","0","0","0","0"
"L45721","SelectDirectories","org.junit.platform.suite.api.SelectDirectories","L46172","L103","D:\GitRepos\2022SourceMeter-CasadoCristianDavid\junit5-r5.8.0\junit-platform-suite-api\src\main\java\org\junit\platform\suite\api\SelectDirectories.java","32","1","44","2","0","0","0","0","0","0","0","0","0","0","0","1","0","3","0","0","1","1","0.6","12","12","1","0","0.6","12","0","0","0","0","0","8","13","0","0","0","0","1","0","0","0","1","0","0","0","0","8","13","0","0","0","0","1","0","0","0","1","0","0","0","0","0","0","0","0","0","0","0","0","0","0","0","0","0","0","0","0","0","0","0","0","0","0","0"
"L45724","SelectFile","org.junit.platform.suite.api.SelectFile","L46172","L103","D:\GitRepos\2022SourceMeter-CasadoCristianDavid\junit5-r5.8.0\junit-platform-suite-api\src\main\java\org\junit\platform\suite\api\SelectFile.java","34","1","58","2","0","0","0","0","0","0","0","0","0","0","0","3","1","5","1","0","3","1","0.645161","20","20","1","0","0.645161","20","0","0","0","0","0","11","25","0","0","0","0","3","0","0","0","3","0","0","0","0","11","25","0","0","0","0","3","0","0","0","3","0","0","0","0","0","0","0","0","0","0","0","0","0","0","0","0","0","0","0","0","0","0","0","0","0","0","0"
"L46272","SelectFiles","org.junit.platform.suite.api.SelectFiles","L46172","L103","D:\GitRepos\2022SourceMeter-CasadoCristianDavid\junit5-r5.8.0\junit-platform-suite-api\src\main\java\org\junit\platform\suite\api\SelectFiles.java","34","1","46","2","0","0","0","0","0","0","0","0","0","0","0","1","1","1","0","0","1","1","0.636364","14","14","1","0","0.636364","14","0","0","0","0","0","8","13","0","0","0","0","1","0","0","0","1","0","0","0","0","8","13","0","0","0","0","1","0","0","0","1","0","0","0","0","0","0","0","0","0","0","0","0","0","0","0","0","0","0","0","0","0","0","0","0","0","0","0"
"L45727","SelectModules","org.junit.platform.suite.api.SelectModules","L46172","L103","D:\GitRepos\2022SourceMeter-CasadoCristianDavid\junit5-r5.8.0\junit-platform-suite-api\src\main\java\org\junit\platform\suite\api\SelectModules.java","33","1","45","2","0","0","0","0","0","0","0","0","0","0","0","1","0","2","0","0","1","1","0.6","12","12","1","0","0.6","12","0","0","0","0","0","8","13","0","0","0","0","1","0","0","0","1","0","0","0","0","8","13","0","0","0","0","1","0","0","0","1","0","0","0","0","0","0","0","0","0","0","0","0","0","0","0","0","0","0","0","0","0","0","0","0","0","0","0"
"L872","SelectPackages","org.junit.platform.suite.api.SelectPackages","L46172","L103","D:\GitRepos\2022SourceMeter-CasadoCristianDavid\junit5-r5.8.0\junit-platform-suite-api\src\main\java\org\junit\platform\suite\api\SelectPackages.java","33","1","45","2","0","0","0","0","0","0","0","0","0","0","0","1","0","14","0","0","1","1","0.6","12","12","1","0","0.6","12","0","0","0","0","0","8","13","0","0","0","0","1","0","0","0","1","0","0","0","0","8","13","0","0","0","0","1","0","0","0","1","0","0","0","0","0","0","0","0","0","0","0","0","0","0","0","0","0","0","0","0","0","0","0","0","0","0","0"
"L45730","SelectUris","org.junit.platform.suite.api.SelectUris","L46172","L103","D:\GitRepos\2022SourceMeter-CasadoCristianDavid\junit5-r5.8.0\junit-platform-suite-api\src\main\java\org\junit\platform\suite\api\SelectUris.java","32","1","44","2","0","0","0","0","0","0","0","0","0","0","0","1","0","3","0","0","1","1","0.6","12","12","1","0","0.6","12","0","0","0","0","0","8","13","0","0","0","0","1","0","0","0","1","0","0","0","0","8","13","0","0","0","0","1","0","0","0","1","0","0","0","0","0","0","0","0","0","0","0","0","0","0","0","0","0","0","0","0","0","0","0","0","0","0","0"
"L869","Suite","org.junit.platform.suite.api.Suite","L46172","L103","D:\GitRepos\2022SourceMeter-CasadoCristianDavid\junit5-r5.8.0\junit-platform-suite-api\src\main\java\org\junit\platform\suite\api\Suite.java","69","1","76","2","0","0","0","0","0","0","0","0","0","0","0","0","1","19","0","0","0","1","0.849057","45","45","1","0","0.849057","45","0","0","0","0","0","8","8","0","0","0","0","0","0","0","0","0","0","0","0","0","8","8","0","0","0","0","0","0","0","0","0","0","0","0","0","0","0","0","0","0","0","0","0","0","0","0","0","0","0","0","0","0","0","0","0","0","0","0"
"L1314","SuiteDisplayName","org.junit.platform.suite.api.SuiteDisplayName","L46172","L103","D:\GitRepos\2022SourceMeter-CasadoCristianDavid\junit5-r5.8.0\junit-platform-suite-api\src\main\java\org\junit\platform\suite\api\SuiteDisplayName.java","43","1","57","2","0","0","0","0","0","0","0","0","0","0","0","1","0","7","0","0","1","1","0.787879","26","26","1","0","0.787879","26","0","0","0","0","0","7","15","0","0","0","0","1","0","0","0","1","0","0","0","0","7","15","0","0","0","0","1","0","0","0","1","0","0","0","0","0","0","0","0","0","0","0","0","0","0","0","0","0","0","0","0","0","0","0","0","0","0","0"
"L45862","UseTechnicalNames","org.junit.platform.suite.api.UseTechnicalNames","L46172","L103","D:\GitRepos\2022SourceMeter-CasadoCristianDavid\junit5-r5.8.0\junit-platform-suite-api\src\main\java\org\junit\platform\suite\api\UseTechnicalNames.java","47","1","53","2","0","0","0","0","0","0","0","0","0","0","0","0","0","3","0","0","0","1","0.766667","23","23","1","0","0.766667","23","0","0","0","0","0","7","7","0","0","0","0","0","0","0","0","0","0","0","0","0","7","7","0","0","0","0","0","0","0","0","0","0","0","0","0","0","0","0","0","0","0","0","0","0","0","0","0","0","0","0","0","0","0","0","0","0","0","0"
"L6860","DisabledIfEnvironmentVariableIntegrationTests$CustomDisabled","org.junit.jupiter.api.condition.DisabledIfEnvironmentVariableIntegrationTests$CustomDisabled","L6821","L103","D:\GitRepos\2022SourceMeter-CasadoCristianDavid\junit5-r5.8.0\junit-jupiter-engine\src\test\java\org\junit\jupiter\api\condition\DisabledIfEnvironmentVariableIntegrationTests.java","87","2","91","3","0","0","0","0","0","0","0","0","0","0","0","0","1","1","0","0","0","0","0","0","0","0","1","0","0","0","0","0","0","0","5","5","0","0","0","0","0","0","0","0","0","0","0","0","0","5","5","0","0","0","0","0","0","0","0","0","0","0","0","0","0","0","3","0","0","0","0","0","0","0","0","0","0","0","3","0","0","0","0","0","0","0","0"
"L6933","DisabledIfSystemPropertyIntegrationTests$CustomDisabled","org.junit.jupiter.api.condition.DisabledIfSystemPropertyIntegrationTests$CustomDisabled","L6891","L103","D:\GitRepos\2022SourceMeter-CasadoCristianDavid\junit5-r5.8.0\junit-jupiter-engine\src\test\java\org\junit\jupiter\api\condition\DisabledIfSystemPropertyIntegrationTests.java","101","2","105","3","0","0","0","0","0","0","0","0","0","0","0","0","1","1","0","0","0","0","0","0","0","0","1","0","0","0","0","0","0","0","5","5","0","0","0","0","0","0","0","0","0","0","0","0","0","5","5","0","0","0","0","0","0","0","0","0","0","0","0","0","0","0","3","0","0","0","0","0","0","0","0","0","0","0","3","0","0","0","0","0","0","0","0"
"L7043","DisabledOnOsIntegrationTests$DisabledOnMac","org.junit.jupiter.api.condition.DisabledOnOsIntegrationTests$DisabledOnMac","L7002","L103","D:\GitRepos\2022SourceMeter-CasadoCristianDavid\junit5-r5.8.0\junit-jupiter-engine\src\test\java\org\junit\jupiter\api\condition\DisabledOnOsIntegrationTests.java","96","2","100","3","0","0","0","0","0","0","0","0","0","0","0","0","1","1","0","0","0","1","0.166667","1","1","1","0","0.166667","1","0","0","0","0","0","5","5","0","0","0","0","0","0","0","0","0","0","0","0","0","5","5","0","0","0","0","0","0","0","0","0","0","0","0","0","0","0","2","0","0","0","0","0","0","0","0","0","0","0","2","0","0","0","0","0","0","0","0"
"L7180","EnabledIfEnvironmentVariableIntegrationTests$CustomEnabled","org.junit.jupiter.api.condition.EnabledIfEnvironmentVariableIntegrationTests$CustomEnabled","L7130","L103","D:\GitRepos\2022SourceMeter-CasadoCristianDavid\junit5-r5.8.0\junit-jupiter-engine\src\test\java\org\junit\jupiter\api\condition\EnabledIfEnvironmentVariableIntegrationTests.java","95","2","99","3","0","0","0","0","0","0","0","0","0","0","0","0","1","1","0","0","0","0","0","0","0","0","1","0","0","0","0","0","0","0","5","5","0","0","0","0","0","0","0","0","0","0","0","0","0","5","5","0","0","0","0","0","0","0","0","0","0","0","0","0","0","0","3","0","0","0","0","0","0","0","0","0","0","0","3","0","0","0","0","0","0","0","0"
"L7254","EnabledIfSystemPropertyIntegrationTests$CustomEnabled","org.junit.jupiter.api.condition.EnabledIfSystemPropertyIntegrationTests$CustomEnabled","L7210","L103","D:\GitRepos\2022SourceMeter-CasadoCristianDavid\junit5-r5.8.0\junit-jupiter-engine\src\test\java\org\junit\jupiter\api\condition\EnabledIfSystemPropertyIntegrationTests.java","107","2","111","3","0","0","0","0","0","0","0","0","0","0","0","0","1","1","0","0","0","0","0","0","0","0","1","0","0","0","0","0","0","0","5","5","0","0","0","0","0","0","0","0","0","0","0","0","0","5","5","0","0","0","0","0","0","0","0","0","0","0","0","0","0","0","3","0","0","0","0","0","0","0","0","0","0","0","3","0","0","0","0","0","0","0","0"
"L7357","EnabledOnOsIntegrationTests$EnabledOnMac","org.junit.jupiter.api.condition.EnabledOnOsIntegrationTests$EnabledOnMac","L7323","L103","D:\GitRepos\2022SourceMeter-CasadoCristianDavid\junit5-r5.8.0\junit-jupiter-engine\src\test\java\org\junit\jupiter\api\condition\EnabledOnOsIntegrationTests.java","109","2","113","3","0","0","0","0","0","0","0","0","0","0","0","0","1","1","0","0","0","1","0.166667","1","1","1","0","0.166667","1","0","0","0","0","0","5","5","0","0","0","0","0","0","0","0","0","0","0","0","0","5","5","0","0","0","0","0","0","0","0","0","0","0","0","0","0","0","2","0","0","0","0","0","0","0","0","0","0","0","2","0","0","0","0","0","0","0","0"
"L13605","JupiterTestDescriptorTests$CustomTestAnnotation","org.junit.jupiter.engine.descriptor.JupiterTestDescriptorTests$CustomTestAnnotation","L13534","L103","D:\GitRepos\2022SourceMeter-CasadoCristianDavid\junit5-r5.8.0\junit-jupiter-engine\src\test\java\org\junit\jupiter\engine\descriptor\JupiterTestDescriptorTests.java","284","2","290","3","0","0","0","0","0","0","0","0","0","0","0","0","3","1","0","0","0","1","0.125","1","1","1","0","0.125","1","0","0","0","0","0","7","7","0","0","0","0","0","0","0","0","0","0","0","0","0","7","7","0","0","0","0","0","0","0","0","0","0","0","0","0","0","0","2","0","0","0","0","0","0","0","0","0","0","0","2","0","0","0","0","0","0","0","0"
"L13841","TestInstanceLifecycleUtilsTests$PerClassLifeCycle","org.junit.jupiter.engine.descriptor.TestInstanceLifecycleUtilsTests$PerClassLifeCycle","L13818","L103","D:\GitRepos\2022SourceMeter-CasadoCristianDavid\junit5-r5.8.0\junit-jupiter-engine\src\test\java\org\junit\jupiter\engine\descriptor\TestInstanceLifecycleUtilsTests.java","104","2","109","3","0","0","0","0","0","0","0","0","0","0","0","0","1","1","0","0","0","0","0","0","0","0","1","0","0","0","0","0","0","0","6","6","0","0","0","0","0","0","0","0","0","0","0","0","0","6","6","0","0","0","0","0","0","0","0","0","0","0","0","0","0","0","3","0","1","0","0","0","1","0","0","0","0","0","3","0","0","0","0","0","0","0","0"
"L15328","DiscoveryTests$CustomTestAnnotation","org.junit.jupiter.engine.discovery.DiscoveryTests$CustomTestAnnotation","L15282","L103","D:\GitRepos\2022SourceMeter-CasadoCristianDavid\junit5-r5.8.0\junit-jupiter-engine\src\test\java\org\junit\jupiter\engine\discovery\DiscoveryTests.java","202","2","205","3","0","0","0","0","0","0","0","0","0","0","0","0","1","1","0","0","0","0","0","0","0","0","1","0","0","0","0","0","0","0","4","4","0","0","0","0","0","0","0","0","0","0","0","0","0","4","4","0","0","0","0","0","0","0","0","0","0","0","0","0","0","0","3","0","0","0","0","0","0","0","0","0","0","0","3","0","0","0","0","0","0","0","0"
"L17976","ExecutionConditionTests$DeactivatedConditions","org.junit.jupiter.engine.extension.ExecutionConditionTests$DeactivatedConditions","L17916","L103","D:\GitRepos\2022SourceMeter-CasadoCristianDavid\junit5-r5.8.0\junit-jupiter-engine\src\test\java\org\junit\jupiter\engine\extension\ExecutionConditionTests.java","204","2","208","3","0","0","0","0","0","0","0","0","0","0","0","0","3","2","0","0","0","0","0","0","0","0","1","0","0","0","0","0","0","0","5","5","0","0","0","0","0","0","0","0","0","0","0","0","0","5","5","0","0","0","0","0","0","0","0","0","0","0","0","0","0","0","3","0","0","0","0","0","0","0","0","0","0","0","3","0","0","0","0","0","0","0","0"
"L24858","AggregatorIntegrationTests$StartIndex","org.junit.jupiter.params.aggregator.AggregatorIntegrationTests$StartIndex","L24827","L103","D:\GitRepos\2022SourceMeter-CasadoCristianDavid\junit5-r5.8.0\junit-jupiter-params\src\test\java\org\junit\jupiter\params\aggregator\AggregatorIntegrationTests.java","249","2","253","3","0","0","0","0","0","0","0","0","0","0","0","1","0","3","0","0","1","0","0","0","0","0","1","0","0","0","0","0","0","0","5","5","0","0","0","0","1","0","0","0","1","0","0","0","0","5","5","0","0","0","0","1","0","0","0","1","0","0","0","0","0","0","5","0","0","0","0","0","0","0","0","0","0","0","5","0","0","0","0","0","0","0","0"
"L24842","AggregatorIntegrationTests$CsvToPerson","org.junit.jupiter.params.aggregator.AggregatorIntegrationTests$CsvToPerson","L24827","L103","D:\GitRepos\2022SourceMeter-CasadoCristianDavid\junit5-r5.8.0\junit-jupiter-params\src\test\java\org\junit\jupiter\params\aggregator\AggregatorIntegrationTests.java","255","2","259","3","0","0","0","0","0","0","0","0","0","0","0","0","2","2","0","0","0","0","0","0","0","0","1","0","0","0","0","0","0","0","5","5","0","0","0","0","0","0","0","0","0","0","0","0","0","5","5","0","0","0","0","0","0","0","0","0","0","0","0","0","0","0","3","0","0","0","0","0","0","0","0","0","0","0","3","0","0","0","0","0","0","0","0"
"L24850","AggregatorIntegrationTests$CsvToAddress","org.junit.jupiter.params.aggregator.AggregatorIntegrationTests$CsvToAddress","L24827","L103","D:\GitRepos\2022SourceMeter-CasadoCristianDavid\junit5-r5.8.0\junit-jupiter-params\src\test\java\org\junit\jupiter\params\aggregator\AggregatorIntegrationTests.java","261","2","265","3","0","0","0","0","0","0","0","0","0","0","0","0","2","1","0","0","0","0","0","0","0","0","1","0","0","0","0","0","0","0","5","5","0","0","0","0","0","0","0","0","0","0","0","0","0","5","5","0","0","0","0","0","0","0","0","0","0","0","0","0","0","0","3","0","0","0","0","0","0","0","0","0","0","0","3","0","0","0","0","0","0","0","0"
"L25855","TypedArgumentConverterTests$StringLength","org.junit.jupiter.params.converter.TypedArgumentConverterTests$StringLength","L25810","L103","D:\GitRepos\2022SourceMeter-CasadoCristianDavid\junit5-r5.8.0\junit-jupiter-params\src\test\java\org\junit\jupiter\params\converter\TypedArgumentConverterTests.java","154","2","158","3","0","0","0","0","0","0","0","0","0","0","0","0","2","1","0","0","0","0","0","0","0","0","1","0","0","0","0","0","0","0","5","5","0","0","0","0","0","0","0","0","0","0","0","0","0","5","5","0","0","0","0","0","0","0","0","0","0","0","0","0","0","0","3","0","0","0","0","0","0","0","0","0","0","0","3","0","0","0","0","0","0","0","0"
"L27964","ParameterizedTestIntegrationTests$MethodSourceTestCase$MethodSourceTest","org.junit.jupiter.params.ParameterizedTestIntegrationTests$MethodSourceTestCase$MethodSourceTest","L27815","L103","D:\GitRepos\2022SourceMeter-CasadoCristianDavid\junit5-r5.8.0\junit-jupiter-params\src\test\java\org\junit\jupiter\params\ParameterizedTestIntegrationTests.java","976","3","981","4","0","0","0","0","0","0","0","0","0","0","0","0","2","1","0","0","0","0","0","0","0","0","1","0","0","0","0","0","0","0","6","6","0","0","0","0","0","0","0","0","0","0","0","0","0","6","6","0","0","0","0","0","0","0","0","0","0","0","0","0","0","0","3","0","0","0","0","0","0","0","0","0","0","0","3","0","0","0","0","0","0","0","0"
"L30319","AnnotationUtilsTests$AnnotationWithDefaultValue","org.junit.platform.commons.util.AnnotationUtilsTests$AnnotationWithDefaultValue","L30053","L103","D:\GitRepos\2022SourceMeter-CasadoCristianDavid\junit5-r5.8.0\platform-tests\src\test\java\org\junit\platform\commons\util\AnnotationUtilsTests.java","550","2","555","3","0","0","0","0","0","0","0","0","0","0","0","1","0","1","0","0","1","1","0.166667","1","1","1","0","0.166667","1","0","0","0","0","0","5","6","0","0","0","0","1","0","0","0","1","0","0","0","0","5","6","0","0","0","0","1","0","0","0","1","0","0","0","0","0","0","4","0","0","0","0","0","0","0","0","0","0","0","4","0","0","0","0","0","0","0","0"
"L30060","AnnotationUtilsTests$Annotation1","org.junit.platform.commons.util.AnnotationUtilsTests$Annotation1","L30053","L103","D:\GitRepos\2022SourceMeter-CasadoCristianDavid\junit5-r5.8.0\platform-tests\src\test\java\org\junit\platform\commons\util\AnnotationUtilsTests.java","557","2","560","3","0","0","0","0","0","0","0","0","0","0","0","0","0","8","0","0","0","0","0","0","0","0","1","0","0","0","0","0","0","0","4","4","0","0","0","0","0","0","0","0","0","0","0","0","0","4","4","0","0","0","0","0","0","0","0","0","0","0","0","0","0","0","3","0","0","0","0","0","0","0","0","0","0","0","3","0","0","0","0","0","0","0","0"
"L30069","AnnotationUtilsTests$Annotation2","org.junit.platform.commons.util.AnnotationUtilsTests$Annotation2","L30053","L103","D:\GitRepos\2022SourceMeter-CasadoCristianDavid\junit5-r5.8.0\platform-tests\src\test\java\org\junit\platform\commons\util\AnnotationUtilsTests.java","562","2","565","3","0","0","0","0","0","0","0","0","0","0","0","0","0","3","0","0","0","0","0","0","0","0","1","0","0","0","0","0","0","0","4","4","0","0","0","0","0","0","0","0","0","0","0","0","0","4","4","0","0","0","0","0","0","0","0","0","0","0","0","0","0","0","3","0","0","0","0","0","0","0","0","0","0","0","3","0","0","0","0","0","0","0","0"
"L30263","AnnotationUtilsTests$Annotation3","org.junit.platform.commons.util.AnnotationUtilsTests$Annotation3","L30053","L103","D:\GitRepos\2022SourceMeter-CasadoCristianDavid\junit5-r5.8.0\platform-tests\src\test\java\org\junit\platform\commons\util\AnnotationUtilsTests.java","567","2","570","3","0","0","0","0","0","0","0","0","0","0","0","0","0","2","0","0","0","0","0","0","0","0","1","0","0","0","0","0","0","0","4","4","0","0","0","0","0","0","0","0","0","0","0","0","0","4","4","0","0","0","0","0","0","0","0","0","0","0","0","0","0","0","3","0","0","0","0","0","0","0","0","0","0","0","3","0","0","0","0","0","0","0","0"
"L30076","AnnotationUtilsTests$InheritedAnnotation","org.junit.platform.commons.util.AnnotationUtilsTests$InheritedAnnotation","L30053","L103","D:\GitRepos\2022SourceMeter-CasadoCristianDavid\junit5-r5.8.0\platform-tests\src\test\java\org\junit\platform\commons\util\AnnotationUtilsTests.java","572","2","576","3","0","0","0","0","0","0","0","0","0","0","0","0","0","3","0","0","0","0","0","0","0","0","1","0","0","0","0","0","0","0","5","5","0","0","0","0","0","0","0","0","0","0","0","0","0","5","5","0","0","0","0","0","0","0","0","0","0","0","0","0","0","0","3","0","0","0","0","0","0","0","0","0","0","0","3","0","0","0","0","0","0","0","0"
"L30322","AnnotationUtilsTests$ComposedAnnotation","org.junit.platform.commons.util.AnnotationUtilsTests$ComposedAnnotation","L30053","L103","D:\GitRepos\2022SourceMeter-CasadoCristianDavid\junit5-r5.8.0\platform-tests\src\test\java\org\junit\platform\commons\util\AnnotationUtilsTests.java","578","2","582","3","0","0","0","0","0","0","0","0","0","0","0","0","1","2","0","0","0","0","0","0","0","0","1","0","0","0","0","0","0","0","5","5","0","0","0","0","0","0","0","0","0","0","0","0","0","5","5","0","0","0","0","0","0","0","0","0","0","0","0","0","0","0","3","0","0","0","0","0","0","0","0","0","0","0","3","0","0","0","0","0","0","0","0"
"L30323","AnnotationUtilsTests$InheritedComposedAnnotation","org.junit.platform.commons.util.AnnotationUtilsTests$InheritedComposedAnnotation","L30053","L103","D:\GitRepos\2022SourceMeter-CasadoCristianDavid\junit5-r5.8.0\platform-tests\src\test\java\org\junit\platform\commons\util\AnnotationUtilsTests.java","584","2","589","3","0","0","0","0","0","0","0","0","0","0","0","0","1","1","0","0","0","0","0","0","0","0","1","0","0","0","0","0","0","0","6","6","0","0","0","0","0","0","0","0","0","0","0","0","0","6","6","0","0","0","0","0","0","0","0","0","0","0","0","0","0","0","3","0","0","0","0","0","0","0","0","0","0","0","3","0","0","0","0","0","0","0","0"
"L30324","AnnotationUtilsTests$NonInheritedCompositionOfInheritedAnnotation","org.junit.platform.commons.util.AnnotationUtilsTests$NonInheritedCompositionOfInheritedAnnotation","L30053","L103","D:\GitRepos\2022SourceMeter-CasadoCristianDavid\junit5-r5.8.0\platform-tests\src\test\java\org\junit\platform\commons\util\AnnotationUtilsTests.java","591","2","596","3","0","0","0","0","0","0","0","0","0","0","0","0","1","1","0","0","0","0","0.166667","1","0","0","1","0.166667","1","0","0","0","0","0","5","6","0","0","0","0","0","0","0","0","0","0","0","0","0","5","6","0","0","0","0","0","0","0","0","0","0","0","0","0","0","0","3","0","0","0","0","0","0","0","0","0","0","0","3","0","0","0","0","0","0","0","0"
"L30325","AnnotationUtilsTests$Tags","org.junit.platform.commons.util.AnnotationUtilsTests$Tags","L30053","L103","D:\GitRepos\2022SourceMeter-CasadoCristianDavid\junit5-r5.8.0\platform-tests\src\test\java\org\junit\platform\commons\util\AnnotationUtilsTests.java","598","2","604","3","0","0","0","0","0","0","0","0","0","0","0","1","1","3","0","0","1","0","0.166667","1","1","0","1","0.166667","1","0","0","0","0","0","5","7","0","0","0","0","1","0","0","0","1","0","0","0","0","5","7","0","0","0","0","1","0","0","0","1","0","0","0","0","0","0","3","0","0","0","0","0","0","0","0","0","0","0","3","0","0","0","0","0","0","0","0"
"L30136","AnnotationUtilsTests$Tag","org.junit.platform.commons.util.AnnotationUtilsTests$Tag","L30053","L103","D:\GitRepos\2022SourceMeter-CasadoCristianDavid\junit5-r5.8.0\platform-tests\src\test\java\org\junit\platform\commons\util\AnnotationUtilsTests.java","606","2","613","3","0","0","0","0","0","0","0","0","0","0","0","1","1","8","0","0","1","0","0.142857","1","1","0","1","0.142857","1","0","0","0","0","0","6","8","0","0","0","0","1","0","0","0","1","0","0","0","0","6","8","0","0","0","0","1","0","0","0","1","0","0","0","0","0","0","3","0","0","0","0","0","0","0","0","0","0","0","3","0","0","0","0","0","0","0","0"
"L30250","AnnotationUtilsTests$Fast","org.junit.platform.commons.util.AnnotationUtilsTests$Fast","L30053","L103","D:\GitRepos\2022SourceMeter-CasadoCristianDavid\junit5-r5.8.0\platform-tests\src\test\java\org\junit\platform\commons\util\AnnotationUtilsTests.java","615","2","618","3","0","0","0","0","0","0","0","0","0","0","0","0","1","6","0","0","0","0","0","0","0","0","1","0","0","0","0","0","0","0","4","4","0","0","0","0","0","0","0","0","0","0","0","0","0","4","4","0","0","0","0","0","0","0","0","0","0","0","0","0","0","0","3","0","0","0","0","0","0","0","0","0","0","0","3","0","0","0","0","0","0","0","0"
"L30332","AnnotationUtilsTests$Smoke","org.junit.platform.commons.util.AnnotationUtilsTests$Smoke","L30053","L103","D:\GitRepos\2022SourceMeter-CasadoCristianDavid\junit5-r5.8.0\platform-tests\src\test\java\org\junit\platform\commons\util\AnnotationUtilsTests.java","620","2","623","3","0","0","0","0","0","0","0","0","0","0","0","0","1","3","0","0","0","0","0","0","0","0","1","0","0","0","0","0","0","0","4","4","0","0","0","0","0","0","0","0","0","0","0","0","0","4","4","0","0","0","0","0","0","0","0","0","0","0","0","0","0","0","3","0","0","0","0","0","0","0","0","0","0","0","3","0","0","0","0","0","0","0","0"
"L30333","AnnotationUtilsTests$FastAndSmoky","org.junit.platform.commons.util.AnnotationUtilsTests$FastAndSmoky","L30053","L103","D:\GitRepos\2022SourceMeter-CasadoCristianDavid\junit5-r5.8.0\platform-tests\src\test\java\org\junit\platform\commons\util\AnnotationUtilsTests.java","625","2","629","3","0","0","0","0","0","0","0","0","0","0","0","0","2","1","0","0","0","0","0","0","0","0","1","0","0","0","0","0","0","0","5","5","0","0","0","0","0","0","0","0","0","0","0","0","0","5","5","0","0","0","0","0","0","0","0","0","0","0","0","0","0","0","3","0","0","0","0","0","0","0","0","0","0","0","3","0","0","0","0","0","0","0","0"
"L30336","AnnotationUtilsTests$Extensions","org.junit.platform.commons.util.AnnotationUtilsTests$Extensions","L30053","L103","D:\GitRepos\2022SourceMeter-CasadoCristianDavid\junit5-r5.8.0\platform-tests\src\test\java\org\junit\platform\commons\util\AnnotationUtilsTests.java","631","2","637","3","0","0","0","0","0","0","0","0","0","0","0","1","1","3","0","0","1","0","0","0","0","0","1","0","0","0","0","0","0","0","6","7","0","0","0","0","1","0","0","0","1","0","0","0","0","6","7","0","0","0","0","1","0","0","0","1","0","0","0","0","0","0","5","0","0","0","0","0","0","0","0","0","0","0","5","0","0","0","0","0","0","0","0"
"L30237","AnnotationUtilsTests$ExtendWith","org.junit.platform.commons.util.AnnotationUtilsTests$ExtendWith","L30053","L103","D:\GitRepos\2022SourceMeter-CasadoCristianDavid\junit5-r5.8.0\platform-tests\src\test\java\org\junit\platform\commons\util\AnnotationUtilsTests.java","639","2","646","3","0","0","0","0","0","0","0","0","0","0","0","1","1","10","0","0","1","0","0","0","0","0","1","0","0","0","0","0","0","0","7","8","0","0","0","0","1","0","0","0","1","0","0","0","0","7","8","0","0","0","0","1","0","0","0","1","0","0","0","0","0","0","5","0","0","0","0","0","0","0","0","0","0","0","5","0","0","0","0","0","0","0","0"
"L30341","AnnotationUtilsTests$ExtendWithFoo","org.junit.platform.commons.util.AnnotationUtilsTests$ExtendWithFoo","L30053","L103","D:\GitRepos\2022SourceMeter-CasadoCristianDavid\junit5-r5.8.0\platform-tests\src\test\java\org\junit\platform\commons\util\AnnotationUtilsTests.java","648","2","656","3","0","0","0","0","0","0","0","0","0","0","0","1","2","5","0","0","1","0","0","0","0","0","1","0","0","0","0","0","0","0","8","9","0","0","0","0","1","0","0","0","1","0","0","0","0","8","9","0","0","0","0","1","0","0","0","1","0","0","0","0","0","0","5","0","0","0","0","0","0","0","0","0","0","0","5","0","0","0","0","0","0","0","0"
"L30342","AnnotationUtilsTests$FooExtensions","org.junit.platform.commons.util.AnnotationUtilsTests$FooExtensions","L30053","L103","D:\GitRepos\2022SourceMeter-CasadoCristianDavid\junit5-r5.8.0\platform-tests\src\test\java\org\junit\platform\commons\util\AnnotationUtilsTests.java","658","2","664","3","0","0","0","0","0","0","0","0","0","0","0","1","1","2","0","0","1","0","0","0","0","0","1","0","0","0","0","0","0","0","6","7","0","0","0","0","1","0","0","0","1","0","0","0","0","6","7","0","0","0","0","1","0","0","0","1","0","0","0","0","0","0","5","0","0","0","0","0","0","0","0","0","0","0","5","0","0","0","0","0","0","0","0"
"L30350","AnnotationUtilsTests$ExtendWithBar","org.junit.platform.commons.util.AnnotationUtilsTests$ExtendWithBar","L30053","L103","D:\GitRepos\2022SourceMeter-CasadoCristianDavid\junit5-r5.8.0\platform-tests\src\test\java\org\junit\platform\commons\util\AnnotationUtilsTests.java","666","2","676","3","0","0","0","0","0","0","0","0","0","0","0","0","1","2","0","0","0","0","0.545455","6","0","0","1","0.545455","6","0","0","0","0","0","5","11","0","0","0","0","0","0","0","0","0","0","0","0","0","5","11","0","0","0","0","0","0","0","0","0","0","0","0","0","0","0","1","0","0","0","0","0","0","0","0","0","0","0","1","0","0","0","0","0","0","0","0"
"L32768","AnnotationSupportTests$FieldMarker","org.junit.platform.commons.support.AnnotationSupportTests$FieldMarker","L32732","L103","D:\GitRepos\2022SourceMeter-CasadoCristianDavid\junit5-r5.8.0\platform-tests\src\test\java\org\junit\platform\commons\support\AnnotationSupportTests.java","281","2","284","3","0","0","0","0","0","0","0","0","0","0","0","0","0","1","0","0","0","1","0.2","1","1","1","0","0.2","1","0","0","0","0","0","4","4","0","0","0","0","0","0","0","0","0","0","0","0","0","4","4","0","0","0","0","0","0","0","0","0","0","0","0","0","0","0","2","0","0","0","0","0","0","0","0","0","0","0","2","0","0","0","0","0","0","0","0"
"L32870","ModifierSupportTests$Classes","org.junit.platform.commons.support.ModifierSupportTests$Classes","L32861","L103","D:\GitRepos\2022SourceMeter-CasadoCristianDavid\junit5-r5.8.0\platform-tests\src\test\java\org\junit\platform\commons\support\ModifierSupportTests.java","214","2","220","3","0","0","0","0","0","0","0","0","0","0","0","0","9","1","0","0","0","1","0.125","1","1","1","0","0.125","1","0","0","0","0","0","7","7","0","0","0","0","0","0","0","0","0","0","0","0","0","7","7","0","0","0","0","0","0","0","0","0","0","0","0","0","0","0","2","0","0","0","0","0","0","0","0","0","0","0","2","0","0","0","0","0","0","0","0"
"L32875","ModifierSupportTests$Methods","org.junit.platform.commons.support.ModifierSupportTests$Methods","L32861","L103","D:\GitRepos\2022SourceMeter-CasadoCristianDavid\junit5-r5.8.0\platform-tests\src\test\java\org\junit\platform\commons\support\ModifierSupportTests.java","222","2","227","3","0","0","0","0","0","0","0","0","0","0","0","0","2","1","0","0","0","0","0","0","0","0","1","0","0","0","0","0","0","0","6","6","0","0","0","0","0","0","0","0","0","0","0","0","0","6","6","0","0","0","0","0","0","0","0","0","0","0","0","0","0","0","3","0","0","0","0","0","0","0","0","0","0","0","3","0","0","0","0","0","0","0","0"
"L46608","SuiteLauncherDiscoveryRequestBuilderTests$Meta","org.junit.platform.suite.commons.SuiteLauncherDiscoveryRequestBuilderTests$Meta","L46461","L103","D:\GitRepos\2022SourceMeter-CasadoCristianDavid\junit5-r5.8.0\platform-tests\src\test\java\org\junit\platform\suite\commons\SuiteLauncherDiscoveryRequestBuilderTests.java","359","2","362","3","0","0","0","0","0","0","0","0","0","0","0","0","1","1","0","0","0","0","0","0","0","0","1","0","0","0","0","0","0","0","4","4","0","0","0","0","0","0","0","0","0","0","0","0","0","4","4","0","0","0","0","0","0","0","0","0","0","0","0","0","0","0","3","0","0","0","0","0","0","0","0","0","0","0","3","0","0","0","0","0","0","0","0"
"L50012","Label","org.junit.vintage.engine.samples.junit4.Label","L49810","L103","D:\GitRepos\2022SourceMeter-CasadoCristianDavid\junit5-r5.8.0\junit-vintage-engine\src\testFixtures\java\org\junit\vintage\engine\samples\junit4\JUnit4TestCaseWithRunnerWithCustomUniqueIdsAndDisplayNames.java","36","1","39","2","0","0","0","0","0","0","0","0","0","0","0","1","0","2","0","0","1","0","0","0","0","0","1","0","0","0","0","0","0","0","4","4","0","0","0","0","1","0","0","0","1","0","0","0","0","4","4","0","0","0","0","1","0","0","0","1","0","0","0","0","0","0","5","0","0","0","0","0","0","0","0","0","0","0","5","0","0","0","0","0","0","0","0"
"L8335","TypeBasedParameterResolverTests$TestAnnotation","org.junit.jupiter.api.extension.support.TypeBasedParameterResolverTests$TestAnnotation","L8256","L103","D:\GitRepos\2022SourceMeter-CasadoCristianDavid\junit5-r5.8.0\junit-jupiter-engine\src\test\java\org\junit\jupiter\api\extension\support\TypeBasedParameterResolverTests.java","139","2","142","3","0","0","0","0","0","0","0","0","0","0","0","0","0","1","0","0","0","0","0","0","0","0","1","0","0","0","0","0","0","0","4","4","0","0","0","0","0","0","0","0","0","0","0","0","0","4","4","0","0","0","0","0","0","0","0","0","0","0","0","0","0","0","3","0","0","0","0","0","0","0","0","0","0","0","3","0","0","0","0","0","0","0","0"
"L16492","CustomAnnotation","org.junit.jupiter.engine.execution.injection.sample.CustomAnnotation","L16477","L103","D:\GitRepos\2022SourceMeter-CasadoCristianDavid\junit5-r5.8.0\junit-jupiter-engine\src\test\java\org\junit\jupiter\engine\execution\injection\sample\CustomAnnotation.java","21","1","24","2","0","0","0","0","0","0","0","0","0","0","0","0","0","5","0","0","0","1","0.428571","3","3","1","0","0.428571","3","0","0","0","0","0","4","4","0","0","0","0","0","0","0","0","0","0","0","0","0","4","4","0","0","0","0","0","0","0","0","0","0","0","0","0","0","0","0","0","0","0","0","0","0","0","0","0","0","0","0","0","0","0","0","0","0","0","0"
"L17972","SystemPropertyCondition$SystemProperty","org.junit.jupiter.engine.extension.sub.SystemPropertyCondition$SystemProperty","L17942","L103","D:\GitRepos\2022SourceMeter-CasadoCristianDavid\junit5-r5.8.0\junit-jupiter-engine\src\test\java\org\junit\jupiter\engine\extension\sub\SystemPropertyCondition.java","37","2","45","3","0","0","0","0","0","0","0","0","0","0","0","2","2","3","1","0","2","0","0","0","0","0","1","0","0","0","0","0","0","0","7","9","0","0","0","0","2","0","0","0","2","0","0","0","0","7","9","0","0","0","0","2","0","0","0","2","0","0","0","0","0","0","7","0","0","0","0","0","0","0","0","0","0","0","7","0","0","0","0","0","0","0","0"
"L49875","ConfigurableRunner$ChildCount","org.junit.vintage.engine.samples.junit4.ConfigurableRunner$ChildCount","L49883","L103","D:\GitRepos\2022SourceMeter-CasadoCristianDavid\junit5-r5.8.0\junit-vintage-engine\src\testFixtures\java\org\junit\vintage\engine\samples\junit4\ConfigurableRunner.java","32","2","38","3","0","0","0","0","0","0","0","0","0","0","0","1","0","5","0","0","1","0","0","0","0","0","1","0","0","0","0","0","0","0","5","7","0","0","0","0","1","0","0","0","1","0","0","0","0","5","7","0","0","0","0","1","0","0","0","1","0","0","0","0","0","0","5","0","0","0","0","0","0","0","0","0","0","0","5","0","0","0","0","0","0","0","0"
