"ID","Name","LongName","Parent","Component","CC","CCL","CCO","CI","CLC","CLLC","LDC","LLDC","AD","CD","CLOC","PDA","PUA","TAD","TCD","TCLOC","TPDA","TPUA","LLOC","LOC","NA","NCL","NEN","NG","NIN","NM","NPA","NPKG","NPM","NS","TLLOC","TLOC","TNA","TNCL","TNDI","TNEN","TNFI","TNG","TNIN","TNM","TNOS","TNPA","TNPCL","TNPEN","TNPIN","TNPKG","TNPM","TNS","WarningBlocker","WarningCritical","WarningInfo","WarningMajor","WarningMinor","Anti Pattern","Best Practice Rules","Code Style Rules","Design Rules","Design Pattern","Documentation Rules","Error Prone Rules","Multithreading Rules","Performance Rules","Runtime Rules","Security Rules"
"L100","<root_package>","<root_package>","__LogicalRoot__","L103","0.0842282","268","987","650","0.05365","0.0808238","7982","6997","0","0","0","0","0","0.672721","0.317027","40186","1852","901","0","0","0","0","0","0","0","0","0","9","0","0","86573","148779","2030","2255","482","40","1258","989","177","10333","25328","271","444","22","117","117","3248","71","0","78","30730","2311","6231","474","4673","1808","639","0","551","841","0","108","0","0"
"L104","example","example","L100","L103","0.00571225","1","2","2","0.145695","0.170213","22","16","0.25","0.291406","651","2","6","0.130435","0.323594","1185","9","60","1583","2742","17","62","0","4","0","201","1","12","17","1","2477","4505","35","101","30","1","81","12","6","310","378","4","25","1","3","12","80","2","0","5","879","107","185","3","155","87","6","0","29","20","0","0","0","0"
"L2430","extensions","extensions","L100","L103","0","0","0","0","0","0","0","0","0","0.225","9","0","4","0","0.225","9","0","4","31","52","1","1","0","1","0","3","0","0","2","0","31","52","1","1","9","0","1","1","0","3","3","0","1","0","0","0","2","0","0","0","13","0","0","0","0","0","0","0","0","0","0","0","0","0"
"L2451","org","org","L100","L103","0.0876814","265","979","642","0.0559726","0.0843291","7882","6909","0","0","0","0","0","0.698328","0.317179","38058","1838","794","0","0","0","0","0","0","0","0","0","1","0","0","81931","140819","1972","2109","342","39","1112","969","171","9898","24466","265","406","21","114","89","3125","63","0","68","29460","2135","5933","464","4424","1684","609","0","520","793","0","106","0","0"
"L50188","unnamed package","unnamed package","L100","L103","0","0","0","0","0","0","0","0","0","0.239521","80","0","0","0","0.239521","80","0","0","254","667","0","4","0","0","0","5","0","0","0","0","254","667","0","4","98","0","25","0","0","5","5","0","0","0","0","0","0","0","0","0","13","2","11","0","9","4","0","0","0","0","0","0","0","0"
"L50331","foo","foo","L100","L103","0","0","0","0","0","0","0","0","0","0","0","0","1","0","0","0","0","2","2","4","0","1","0","0","0","0","0","1","0","0","4","8","0","2","11","0","2","0","0","0","0","0","2","0","0","1","0","0","0","0","6","0","1","0","0","1","0","0","0","0","0","0","0","0"
"L50339","com","com","L100","L103","0.262332","1","3","3","0.17561","0.333333","36","36","0","0","0","0","0","0","0.349398","58","0","5","0","0","0","0","0","0","0","0","0","1","0","0","108","205","0","7","49","0","7","0","0","11","16","0","4","0","0","3","5","0","0","0","93","1","4","0","2","3","0","0","0","0","0","0","0","0"
"L50440","integration","integration","L100","L103","0","0","0","0","0","0","0","0","0","0.245098","25","0","0","0","0.245098","25","0","0","77","122","0","2","0","0","0","7","0","0","0","0","77","122","0","2","13","0","2","0","0","7","23","0","0","0","0","0","0","0","0","0","23","1","16","0","16","1","0","0","0","0","0","0","0","0"
"L50480","standalone","standalone","L100","L103","0","0","0","0","0","0","0","0","0","0.325301","27","0","4","0","0.325301","27","0","4","56","105","0","3","0","0","0","8","0","0","3","0","56","105","0","3","9","0","3","0","0","8","6","0","1","0","0","0","3","0","0","0","27","4","4","0","5","1","0","0","2","0","0","0","0","0"
"L50502","platform","platform","L100","L103","0.0364865","1","3","3","0.0182927","0.0220183","42","36","0","0","0","0","0","0.135135","0.312736","744","5","32","0","0","0","0","0","0","0","0","0","1","0","0","1635","2296","22","26","17","0","25","7","0","91","431","2","5","0","0","3","33","6","0","5","216","61","77","7","62","27","24","0","0","28","0","2","0","0"
"L158","domain","example.domain","L104","L103","0","0","0","0","0","0","0","0","0","0.137931","12","0","11","0","0.137931","12","0","11","75","105","6","1","1","4","0","9","2","0","9","0","75","105","6","1","10","1","2","4","0","9","33","2","1","1","0","0","9","0","0","0","30","0","0","1","0","0","0","0","0","0","0","0","0","0"
"L236","registration","example.registration","L104","L103","0","0","0","0","0","0","0","0","0","0.448276","65","0","11","0","0.448276","65","0","11","80","191","3","7","0","3","0","13","0","0","8","0","80","191","3","7","14","0","6","3","0","13","12","0","4","0","0","0","8","0","0","0","35","2","7","0","2","5","1","0","0","1","0","0","0","0"
"L340","util","example.util","L104","L103","0","0","0","0","0","0","0","0","0","0.416667","30","0","10","0","0.416667","30","0","10","42","96","1","3","0","0","0","7","0","0","7","0","42","96","1","3","10","0","4","0","0","7","13","0","3","0","0","0","7","0","0","0","24","0","0","1","0","0","0","0","0","0","0","0","0","0"
"L493","callbacks","example.callbacks","L104","L103","0","0","0","0","0","0","0","0","0","0.34188","80","0","6","0","0.34188","80","0","6","154","302","1","6","0","0","0","26","0","0","4","0","154","302","1","6","10","0","6","0","0","26","26","0","2","0","0","0","4","0","0","0","70","2","10","0","3","8","0","0","0","1","0","0","0","0"
"L745","defaultmethods","example.defaultmethods","L104","L103","0","0","0","0","0","0","0","0","0.25","0.39823","45","3","9","0.25","0.39823","45","3","9","68","144","0","1","0","0","3","12","0","0","12","0","68","144","0","1","10","0","4","0","3","12","19","0","0","0","3","0","12","0","0","1","36","0","6","0","6","0","0","0","0","1","0","0","0","0"
"L1090","exception","example.exception","L104","L103","0","0","0","0","0","0","0","0","0.5","0.355263","54","1","1","0.5","0.355263","54","1","1","98","187","0","7","0","0","0","12","0","0","8","0","98","187","0","7","10","0","4","0","0","12","16","0","1","0","0","0","8","0","0","0","40","4","2","0","3","0","1","0","2","0","0","0","0","0"
"L1174","extensions","example.extensions","L104","L103","0","0","0","0","0","0","0","0","1","0.418605","36","1","0","1","0.418605","36","1","0","50","109","1","2","0","0","0","7","0","0","4","0","50","109","1","2","10","0","3","0","0","7","2","0","0","0","0","0","4","0","0","0","15","2","2","0","2","0","0","0","2","0","0","0","0","0"
"L1252","interceptor","example.interceptor","L104","L103","0","0","0","0","0","0","0","0","0.5","0.325","13","1","1","0.5","0.325","13","1","1","27","49","0","1","0","0","0","1","0","0","1","0","27","49","0","1","10","0","1","0","0","1","5","0","1","0","0","0","1","0","0","0","5","1","0","0","0","0","0","0","0","1","0","0","0","0"
"L1729","session","example.session","L104","L103","0","0","0","0","0","0","0","0","0","0.281553","29","0","3","0","0.281553","29","0","3","74","120","3","4","0","0","0","6","0","0","3","1","74","120","3","4","10","0","2","0","0","6","24","0","1","0","0","0","3","1","0","0","23","1","3","0","1","2","1","0","0","0","0","0","0","0"
"L2000","testinterface","example.testinterface","L104","L103","0","0","0","0","0","0","0","0","0","0.442478","50","0","0","0","0.442478","50","0","0","63","144","1","1","0","0","3","6","1","0","5","0","63","144","1","1","10","0","4","0","3","6","6","1","0","0","0","0","5","0","0","0","23","0","1","0","0","1","0","0","0","0","0","0","0","0"
"L2047","testkit","example.testkit","L104","L103","0","0","0","0","0","0","0","0","0","0.404878","83","0","0","0","0.404878","83","0","0","122","219","0","4","0","0","0","5","0","0","0","0","122","219","0","4","10","0","4","0","0","5","9","0","0","0","0","0","0","0","0","0","8","7","0","0","5","2","0","0","0","0","0","0","0","0"
"L2241","timing","example.timing","L104","L103","0","0","0","0","0","0","0","0","0.333333","0.474359","37","1","2","0.333333","0.474359","37","1","2","41","97","2","2","0","1","0","5","0","0","2","0","41","97","2","2","10","0","2","1","0","5","8","0","1","0","0","0","2","0","0","0","13","4","0","0","2","0","2","0","0","0","0","0","0","0"
"L2452","junit","org.junit","L2451","L103","0.0876814","265","979","642","0.0559726","0.0843291","7882","6909","0","0","0","0","0","0.698328","0.317179","38058","1838","794","0","0","0","0","0","0","0","0","0","4","0","0","81931","140819","1972","2109","342","39","1112","969","171","9898","24466","265","406","21","114","88","3125","63","0","68","29460","2135","5933","464","4424","1684","609","0","520","793","0","106","0","0"
"L50333","bar","foo.bar","L50331","L103","0","0","0","0","0","0","0","0","0","0","0","0","1","0","0","0","0","1","2","4","0","1","0","0","0","0","0","0","0","0","2","4","0","1","10","0","1","0","0","0","0","0","1","0","0","0","0","0","0","0","3","0","0","0","0","0","0","0","0","0","0","0","0","0"
"L50340","example","com.example","L50339","L103","0.262332","1","3","3","0.17561","0.333333","36","36","0","0","0","0","0","0","0.349398","58","0","5","0","0","0","0","0","0","0","0","0","2","0","0","108","205","0","7","49","0","7","0","0","11","16","0","4","0","0","2","5","0","0","0","93","1","4","0","2","3","0","0","0","0","0","0","0","0"
"L50503","tooling","platform.tooling","L50502","L103","0.0364865","1","3","3","0.0182927","0.0220183","42","36","0","0","0","0","0","0.135135","0.312736","744","5","32","0","0","0","0","0","0","0","0","0","1","0","0","1635","2296","22","26","17","0","25","7","0","91","431","2","5","0","0","2","33","6","0","5","216","61","77","7","62","27","24","0","0","28","0","2","0","0"
"L2453","api","org.junit.api","L2452","L103","0","0","0","0","0","0","0","0","0","0","0","0","0","0","0.285714","120","0","0","0","0","0","0","0","0","0","0","0","1","0","0","300","516","7","6","12","0","7","3","1","47","90","0","0","0","0","1","5","0","0","1","99","1","13","0","1","11","0","0","0","1","0","2","0","0"
"L2755","jupiter","org.junit.jupiter","L2452","L103","0.0843333","134","474","312","0","0","0","0","0","0.694444","25","0","0","0.706865","0.305432","19310","762","316","11","40","0","1","0","0","0","0","0","6","0","0","43912","74057","922","1190","121","15","528","425","85","5424","12269","138","147","7","60","34","1332","23","0","33","16191","1212","3133","199","2418","944","156","0","318","444","0","98","0","0"
"L28384","platform","org.junit.platform","L2452","L103","0.0948252","122","475","300","0","0","0","0","1","0.475","57","1","0","0.743253","0.337369","16942","1019","352","63","143","0","4","0","1","0","5","0","10","3","0","33276","59171","960","785","192","23","471","507","79","3990","10843","116","177","14","48","41","1626","40","0","32","11805","804","2584","256","1812","674","416","0","192","320","0","6","0","0"
"L48075","vintage","org.junit.vintage","L2452","L103","0.0695467","13","30","30","0.050318","0.0650461","356","289","0","0","0","0","0","0.311475","0.275086","1686","57","126","0","0","0","0","0","0","0","0","0","1","0","0","4443","7075","83","128","35","1","106","34","6","437","1264","11","82","0","6","8","162","0","0","2","1365","118","203","9","193","55","37","0","10","28","0","0","0","0"
"L50341","project","com.example.project","L50340","L103","0.284672","1","3","3","0","0","0","0","0","0.36","54","0","2","0","0.36","54","0","2","96","186","0","6","0","0","0","9","0","0","3","0","96","186","0","6","42","0","6","0","0","9","15","0","3","0","0","0","3","0","0","0","87","0","3","0","0","3","0","0","0","0","0","0","0","0"
"L50427","vintage","com.example.vintage","L50340","L103","0","0","0","0","0","0","0","0","0","0.25","4","0","3","0","0.25","4","0","3","12","19","0","1","0","0","0","2","0","0","2","0","12","19","0","1","13","0","1","0","0","2","1","0","1","0","0","0","2","0","0","0","6","1","1","0","2","0","0","0","0","0","0","0","0","0"
"L50504","support","platform.tooling.support","L50503","L103","0.0364865","1","3","3","0","0","0","0","0.135135","0.210526","100","5","32","0.135135","0.312736","744","5","32","375","519","16","6","0","7","0","42","2","1","32","6","1635","2296","22","26","17","0","25","7","0","91","431","2","5","0","0","1","33","6","0","5","216","61","77","7","62","27","24","0","0","28","0","2","0","0"
"L2454","tools","org.junit.api.tools","L2453","L103","0","0","0","0","0","0","0","0","0","0.285714","120","0","0","0","0.285714","120","0","0","300","516","7","6","0","3","1","47","0","0","5","0","300","516","7","6","12","0","7","3","1","47","90","0","0","0","0","0","5","0","0","1","99","1","13","0","1","11","0","0","0","1","0","2","0","0"
"L2760","api","org.junit.jupiter.api","L2755","L103","0.0963657","61","289","139","0","0","0","0","0.944828","0.366879","5760","411","24","0.898176","0.433433","10825","591","67","9940","17772","50","119","1","34","11","1269","4","7","398","1","14150","28511","136","198","47","5","202","117","41","1862","4505","33","36","5","41","8","551","5","0","4","4555","205","1034","115","642","342","42","0","75","126","0","16","0","0"
"L11087","engine","org.junit.jupiter.engine","L2755","L103","0.0965082","64","157","151","0","0","0","0","0.714286","0.231728","1227","5","2","0.362319","0.190828","5293","100","176","4068","6008","82","135","0","12","3","440","26","7","65","0","22444","33113","586","801","37","4","214","230","29","2602","5960","78","77","0","11","12","587","17","0","13","9024","835","1525","49","1402","380","80","0","216","244","0","51","0","0"
"L24057","migrationsupport","org.junit.jupiter.migrationsupport","L2755","L103","0.0137322","1","3","3","0","0","0","0","1","0.648352","59","1","0","0.313726","0.32631","573","16","35","32","103","0","1","0","0","0","0","0","2","0","0","1183","2176","57","58","24","0","39","13","3","131","208","12","21","0","2","4","37","0","0","1","532","25","91","0","55","26","7","0","3","1","0","25","0","0"
"L24705","params","org.junit.jupiter.params","L2755","L103","0.031148","8","25","19","0","0","0","0","1","0.218236","584","1","0","0.666667","0.299201","2545","54","27","2092","3073","46","51","1","25","1","293","2","4","42","0","5961","9952","137","125","25","6","69","65","11","804","1566","14","11","2","6","4","143","0","0","15","1996","146","480","35","319","194","27","0","24","71","0","6","0","0"
"L28289","jmh","org.junit.jupiter.jmh","L2755","L103","0","0","0","0","0","0","0","0","0.125","0.291667","14","1","7","0.125","0.291667","14","1","7","34","60","0","1","0","0","0","7","0","0","7","0","34","60","0","1","12","0","1","0","0","7","7","0","1","0","0","0","7","0","0","0","18","1","0","0","0","0","0","0","0","1","0","0","0","0"
"L28311","extensions","org.junit.jupiter.extensions","L2755","L103","0","0","0","0","0","0","0","0","0","0.213415","35","0","4","0","0.213415","35","0","4","129","205","6","6","0","0","1","18","1","0","7","1","129","205","6","6","12","0","2","0","1","18","23","1","1","0","0","0","7","1","0","0","66","0","3","0","0","2","0","0","0","1","0","0","0","0"
"L28389","commons","org.junit.platform.commons","L28384","L103","0.0606637","15","56","33","0","0","0","0","0.333333","0.575758","38","2","4","0.866171","0.343652","3830","233","36","28","86","2","2","0","0","0","4","0","6","4","0","7315","13181","118","205","43","3","74","69","27","931","2357","22","48","3","5","7","327","0","0","13","2545","193","870","71","658","148","103","0","86","81","0","0","0","0"
"L33226","console","org.junit.platform.console","L28384","L103","0.109072","11","33","27","0","0","0","0","0.272727","0.185414","150","3","8","0.117021","0.194048","789","11","83","659","982","24","14","0","18","0","76","0","3","31","0","3277","4909","178","51","30","4","45","44","1","377","1075","18","6","2","1","3","136","31","0","6","1462","67","385","15","253","85","68","0","16","36","0","0","0","0"
"L35467","engine","org.junit.platform.engine","L28384","L103","0.145536","51","259","137","0","0","0","0","0.89916","0.52194","1356","107","12","0.770522","0.388094","5887","413","123","1242","3028","54","25","3","43","12","184","13","3","115","1","9282","17887","270","197","41","7","144","190","33","1182","3211","31","53","6","30","8","529","7","0","5","3180","278","664","82","488","174","143","0","49","93","0","0","0","0"
"L40489","fakes","org.junit.platform.fakes","L28384","L103","0","0","0","0","0","0","0","0","0.230769","0.36","36","3","10","0.230769","0.36","36","3","10","64","128","3","3","0","3","0","10","2","0","10","0","64","128","3","3","12","0","3","3","0","10","13","2","3","0","0","0","10","0","0","0","34","0","1","1","0","0","0","0","1","0","0","0","0","0"
"L40530","jfr","org.junit.platform.jfr","L28384","L103","0","0","0","0","0","0","0","0","0.142857","0.236641","93","2","12","0.142857","0.236641","93","2","12","300","432","23","14","0","0","0","15","2","0","10","0","300","432","23","14","20","0","6","0","0","15","55","2","4","0","0","0","10","0","0","0","81","4","21","0","2","18","2","0","1","2","0","0","0","0"
"L40727","launcher","org.junit.platform.launcher","L28384","L103","0.0498547","17","51","38","0","0","0","0","0.765306","0.514576","1165","75","23","0.736842","0.303683","3216","168","60","1099","2602","56","30","2","28","7","145","14","3","85","0","7374","12429","262","172","36","6","109","142","17","893","2405","31","34","2","12","5","407","1","0","8","2698","125","399","31","231","159","52","0","30","55","0","5","0","0"
"L45055","reporting","org.junit.platform.reporting","L28384","L103","0.10247","5","13","13","0","0","0","0","0","0.75","3","0","0","0.3","0.151535","227","3","7","1","6","0","0","0","0","0","0","0","1","0","0","1271","1788","31","16","24","2","13","20","0","119","575","5","2","0","0","2","19","0","0","0","357","58","52","5","32","22","33","0","0","23","0","0","0","0"
"L45766","runner","org.junit.platform.runner","L28384","L103","0.14902","7","16","16","0","0","0","0","0.2","0.119091","131","1","4","0.2","0.119091","131","1","4","969","1375","11","39","0","12","0","84","0","0","16","0","969","1375","11","39","20","0","5","12","0","84","387","0","1","0","0","0","16","0","0","0","488","22","27","2","16","13","6","0","0","14","0","0","0","0"
"L46243","suite","org.junit.platform.suite","L28384","L103","0.137428","13","37","29","0.0993638","0.162286","328","284","0","0","0","0","0","0.730769","0.377002","1059","38","14","0","0","0","0","0","0","0","0","0","3","0","0","1750","3301","29","62","43","0","50","10","0","142","294","0","13","0","0","5","32","0","0","0","663","24","90","6","73","28","3","0","3","6","0","1","0","0"
"L47095","testkit","org.junit.platform.testkit","L28384","L103","0.046291","4","10","7","0","0","0","0","0","0.75","3","0","0","0.979866","0.500929","1617","146","3","1","6","0","0","0","0","0","0","0","1","0","0","1611","3598","35","22","22","1","19","16","1","232","450","5","12","1","0","1","137","1","0","0","282","33","70","42","54","27","6","0","6","10","0","0","0","0"
"L48076","engine","org.junit.vintage.engine","L48075","L103","0.0695467","13","30","30","0","0","0","0","0.266667","0.220112","510","4","11","0.311475","0.275086","1686","57","126","1807","2395","8","20","0","7","0","150","0","5","29","0","4443","7075","83","128","35","1","106","34","6","437","1264","11","82","0","6","7","162","0","0","2","1365","118","203","9","193","55","37","0","10","28","0","0","0","0"
"L50733","tests","platform.tooling.support.tests","L50504","L103","0.0461079","1","3","3","0","0","0","0","0","0.338235","644","0","0","0","0.338235","644","0","0","1260","1777","6","20","0","0","0","49","0","0","1","0","1260","1777","6","20","12","0","19","0","0","49","315","0","0","0","0","0","1","0","0","3","111","50","58","1","50","16","15","0","0","28","0","2","0","0"
"L6007","condition","org.junit.jupiter.api.condition","L2760","L103","0.0271054","5","34","12","0","0","0","0","0.896552","0.417105","2141","26","3","0.896552","0.417105","2141","26","3","2992","6012","64","55","2","39","0","410","18","0","8","4","2992","6012","64","55","31","2","62","39","0","410","673","18","6","2","0","0","8","4","0","0","804","53","217","31","172","62","1","0","27","8","0","0","0","0"
"L7722","extension","org.junit.jupiter.api.extension","L2760","L103","0.00908715","1","3","1","0","0","0","0","0.817647","0.747077","2428","139","31","0.804598","0.713457","2460","140","34","822","3661","8","13","0","41","27","144","1","1","132","0","988","3909","12","20","31","0","40","42","27","164","144","1","10","0","27","1","138","0","0","0","214","19","43","14","17","10","11","0","21","3","0","0","0","0"
"L8685","function","org.junit.jupiter.api.function","L2760","L103","0","0","0","0","0","0","0","0","0.833333","0.823944","117","5","1","0.833333","0.823944","117","5","1","25","165","0","0","0","0","3","3","0","0","3","0","25","165","0","0","13","0","4","0","3","3","0","0","0","0","3","0","3","0","0","0","3","0","0","1","0","0","0","0","0","0","0","0","0","0"
"L8706","io","org.junit.jupiter.api.io","L2760","L103","0","0","0","0","0","0","0","0","1","0.764706","65","1","0","1","0.764706","65","1","0","20","93","0","0","0","0","0","0","0","0","0","0","20","93","0","0","13","0","2","0","0","0","0","0","0","0","0","0","0","0","0","0","0","0","0","0","0","0","0","0","0","0","0","0","0","0"
"L8860","parallel","org.junit.jupiter.api.parallel","L2760","L103","0","0","0","0","0","0","0","0","1","0.701219","230","7","0","1","0.701219","230","7","0","98","392","10","1","2","0","0","6","10","0","0","0","98","392","10","1","13","2","8","0","0","6","0","10","1","2","0","0","0","0","0","0","13","0","1","0","0","0","1","0","0","0","0","0","0","0"
"L9016","fixtures","org.junit.jupiter.api.fixtures","L2760","L103","0","0","0","0","0","0","0","0","0.166667","0.342857","24","1","5","0.166667","0.342857","24","1","5","46","84","0","1","0","2","0","6","0","0","4","0","46","84","0","1","13","0","1","2","0","6","8","0","1","0","0","0","4","0","0","0","17","0","0","0","0","0","0","0","0","0","0","0","0","0"
"L11066","subpackage","org.junit.jupiter.api.subpackage","L2760","L103","0","0","0","0","0","0","0","0","0","0.405797","28","0","0","0","0.405797","28","0","0","41","84","0","2","0","0","0","4","0","0","0","0","41","84","0","2","13","0","2","0","0","4","12","0","0","0","0","0","0","0","0","0","16","0","11","0","8","0","0","0","0","3","0","0","0","0"
"L11124","config","org.junit.jupiter.engine.config","L11087","L103","0.0432767","1","2","2","0","0","0","0","0.097561","0.170839","116","4","37","0.097561","0.170839","116","4","37","563","852","40","7","0","30","1","66","22","0","38","0","563","852","40","7","20","0","9","30","1","66","151","22","3","0","1","0","38","0","0","2","193","6","19","3","16","6","1","0","0","4","0","0","0","0"
"L11600","descriptor","org.junit.jupiter.engine.descriptor","L11087","L103","0.011042","2","6","4","0","0","0","0","0.4","0.198522","833","30","45","0.425","0.206034","881","34","46","3363","5098","81","72","1","103","3","358","11","1","126","5","3395","5202","81","78","21","1","42","103","3","362","916","11","19","0","1","1","126","5","0","2","1043","60","195","5","116","54","23","0","36","24","0","4","0","0"
"L13925","discovery","org.junit.jupiter.engine.discovery","L11087","L103","0.071458","6","16","12","0","0","0","0","0.333333","0.159329","304","3","6","0.434783","0.196812","531","10","13","1604","2304","32","40","1","13","1","169","3","1","30","1","2167","3347","48","87","22","1","32","13","1","252","613","4","9","0","0","1","41","1","0","0","837","56","163","6","139","15","7","0","42","16","0","0","0","0"
"L15387","execution","org.junit.jupiter.engine.execution","L11087","L103","0.0117258","2","3","3","0","0","0","0","0.265625","0.205082","452","17","47","0.302083","0.24777","639","29","67","1752","2728","78","40","0","40","8","213","0","1","89","0","1940","3190","79","51","22","0","35","40","8","233","626","0","20","0","7","2","109","0","0","0","649","21","107","11","70","32","13","0","0","10","0","3","0","0"
"L16706","extension","org.junit.jupiter.engine.extension","L11087","L103","0.103252","27","64","64","0","0","0","0","0.666667","0.14486","1674","12","6","0.625","0.148431","1731","15","9","9882","13701","248","425","2","32","12","1208","15","1","195","11","9931","13830","248","428","21","2","55","32","12","1212","2418","15","18","0","2","1","197","11","0","9","4254","491","654","14","669","211","27","0","97","122","0","28","0","0"
"L22229","support","org.junit.jupiter.engine.support","L11087","L103","0","0","0","0","0","0","0","0","1","0.333333","64","2","0","1","0.333333","64","2","0","128","250","7","4","0","0","0","8","0","0","3","0","128","250","7","4","20","0","4","0","0","8","30","0","1","0","0","0","3","0","0","0","19","4","5","0","6","1","0","0","0","2","0","0","0","0"
"L22378","bridge","org.junit.jupiter.engine.bridge","L11087","L103","0","0","0","0","0","0","0","0","0.333333","0.292135","104","1","2","0.333333","0.292135","104","1","2","252","434","1","11","0","0","1","29","0","0","8","0","252","434","1","11","13","0","8","0","1","29","66","0","3","0","0","0","8","0","0","0","97","13","41","0","43","7","3","0","0","1","0","0","0","0"
"L24075","conditions","org.junit.jupiter.migrationsupport.conditions","L24057","L103","0","0","0","0","0","0","0","0","1","0.346614","87","2","0","1","0.346614","87","2","0","164","305","2","9","0","0","0","16","0","0","1","0","164","305","2","9","20","0","4","0","0","16","23","0","1","0","0","0","1","0","0","0","43","8","1","0","7","2","0","0","0","0","0","0","0","0"
"L24157","rules","org.junit.jupiter.migrationsupport.rules","L24057","L103","0.016898","1","3","3","0","0","0","0","0.2","0.272648","313","5","20","0.270833","0.30198","427","13","35","835","1420","53","41","0","11","1","95","12","2","20","0","987","1768","55","48","22","0","32","13","3","115","185","12","20","0","2","2","36","0","0","1","489","17","90","0","48","24","7","0","3","1","0","25","0","0"
"L24732","aggregator","org.junit.jupiter.params.aggregator","L24705","L103","0.0434635","1","2","2","0","0","0","0","0.534884","0.365569","344","23","20","0.534884","0.365569","344","23","20","597","1101","15","16","1","33","2","90","2","0","41","0","597","1101","15","16","20","1","9","33","2","90","139","2","5","0","2","0","41","0","0","4","225","8","83","3","60","29","1","0","0","5","0","0","0","0"
"L25136","converter","org.junit.jupiter.params.converter","L24705","L103","0.0205962","1","9","3","0","0","0","0","0.615385","0.274386","391","8","5","0.615385","0.274386","391","8","5","1034","1679","21","25","0","0","2","123","1","0","27","0","1034","1679","21","25","20","0","14","0","2","123","257","1","4","0","1","0","27","0","0","7","335","13","39","2","18","23","7","0","1","10","0","0","0","0"
"L26293","provider","org.junit.jupiter.params.provider","L24705","L103","0.0374265","3","8","8","0","0","0","0","0.904762","0.35046","1180","19","2","0.904762","0.35046","1180","19","2","2187","3984","54","32","4","7","5","294","9","0","32","0","2187","3984","54","32","20","4","31","7","5","294","652","9","1","2","2","0","32","0","0","1","671","40","199","24","114","75","10","0","4","35","0","2","0","0"
"L27535","support","org.junit.jupiter.params.support","L24705","L103","0","0","0","0","0","0","0","0","1","0.474227","46","3","0","1","0.474227","46","3","0","51","115","1","1","0","0","1","4","0","0","1","0","51","115","1","1","13","0","3","0","1","4","9","0","1","0","1","0","1","0","0","1","7","1","1","0","1","1","1","0","0","0","0","0","0","0"
"L28401","util","org.junit.platform.commons.util","L28389","L103","0.0596774","11","44","25","0","0","0","0","0.836478","0.290914","2350","133","26","0.832335","0.295943","2422","139","28","5728","9599","92","165","1","65","25","701","16","1","204","0","5762","9733","92","171","29","1","48","65","25","703","1916","16","36","1","3","1","206","0","0","12","2032","159","697","53","535","107","87","0","77","62","0","0","0","0"
"L32079","annotation","org.junit.platform.commons.annotation","L28389","L103","0","0","0","0","0","0","0","0","1","0.686441","81","1","0","1","0.686441","81","1","0","37","137","1","2","0","0","0","3","0","0","0","0","37","137","1","2","22","0","3","0","0","3","2","0","0","0","0","0","0","0","0","0","10","0","6","0","1","3","1","0","1","0","0","0","0","0"
"L32098","function","org.junit.platform.commons.function","L28389","L103","0.0712121","1","6","2","0","0","0","0","0.9375","0.373494","155","15","1","0.9375","0.373494","155","15","1","260","496","2","4","0","3","1","46","0","0","35","0","260","496","2","4","22","0","3","3","1","46","100","0","2","0","1","0","35","0","0","0","101","9","7","4","5","2","6","0","0","3","0","0","0","0"
"L32373","logging","org.junit.platform.commons.logging","L28389","L103","0","0","0","0","0","0","0","0","1","0.541772","214","24","0","1","0.541772","214","24","0","181","469","5","3","0","1","1","38","0","0","33","0","181","469","5","3","13","0","4","1","1","38","57","0","2","0","1","0","33","0","0","0","36","0","1","8","0","1","0","0","0","0","0","0","0","0"
"L32536","support","org.junit.platform.commons.support","L28389","L103","0.0787285","3","6","6","0","0","0","0","1","0.477941","910","52","0","1","0.477941","910","52","0","994","2190","16","22","2","0","0","135","6","0","47","0","994","2190","16","22","22","2","12","0","0","135","261","6","5","2","0","0","47","0","0","0","348","22","158","3","117","34","6","0","8","15","0","0","0","0"
"L33177","test","org.junit.platform.commons.test","L28389","L103","0","0","0","0","0","0","0","0","0","0.15873","10","0","3","0","0.15873","10","0","3","53","70","0","1","0","0","0","2","0","0","2","0","53","70","0","1","13","0","1","0","0","2","17","0","1","0","0","0","2","0","0","1","7","3","0","0","0","0","3","0","0","1","0","0","0","0"
"L33382","options","org.junit.platform.console.options","L33226","L103","0.213156","5","15","15","0","0","0","0","0.0875","0.181203","241","7","73","0.0875","0.181203","241","7","73","1089","1603","95","8","3","25","1","144","9","0","80","30","1089","1603","95","8","22","3","9","25","1","144","212","9","2","2","1","0","80","30","0","3","806","17","243","9","170","32","43","0","3","15","0","0","0","0"
"L34147","tasks","org.junit.platform.console.tasks","L33226","L103","0.0642181","5","16","10","0","0","0","0","0.333333","0.161866","281","1","2","0.333333","0.161866","281","1","2","1455","2076","59","16","1","1","0","148","9","0","25","1","1455","2076","59","16","22","1","17","1","0","148","620","9","1","0","0","0","25","1","0","2","418","36","90","4","57","33","23","0","0","15","0","0","0","0"
"L35385","subpackage","org.junit.platform.console.subpackage","L33226","L103","0","0","0","0","0","0","0","0","0","0.612565","117","0","0","0","0.612565","117","0","0","74","248","0","13","0","0","0","9","0","0","0","0","74","248","0","13","13","0","9","0","0","9","0","0","0","0","0","0","0","0","0","0","30","5","10","0","5","1","0","0","9","0","0","0","0","0"
"L35570","discovery","org.junit.platform.engine.discovery","L35467","L103","0.232508","24","116","60","0","0","0","0","0.852713","0.406741","1605","110","19","0.852713","0.406741","1605","110","19","2341","4584","36","42","0","34","3","290","1","0","127","0","2341","4584","36","42","22","0","38","34","3","290","885","1","14","0","2","0","127","0","0","0","934","76","231","21","197","18","37","0","13","42","0","0","0","0"
"L36755","reporting","org.junit.platform.engine.reporting","L35467","L103","0","0","0","0","0","0","0","0","0.857143","0.50505","50","6","1","0.857143","0.50505","50","6","1","49","117","2","1","0","2","0","7","0","0","6","0","49","117","2","1","13","0","2","2","0","7","16","0","1","0","0","0","6","0","0","0","5","0","4","0","0","3","0","0","1","0","0","0","0","0"
"L36819","support","org.junit.platform.engine.support","L35467","L103","0.137401","36","134","74","0.0697972","0.105664","709","597","0","0","0","0","0","0.676157","0.337321","2876","190","91","0","0","0","0","0","0","0","0","0","5","0","0","5650","10158","178","129","38","4","80","111","18","701","1917","17","31","3","17","5","281","6","0","5","1921","190","339","25","239","127","101","0","29","38","0","0","0","0"
"L40761","core","org.junit.platform.launcher.core","L40727","L103","0.0482704","7","17","16","0","0","0","0","0.777778","0.23066","1139","49","14","0.777778","0.23066","1139","49","14","3799","5806","114","82","2","59","4","428","9","0","185","1","3799","5806","114","82","29","2","41","59","4","428","1348","9","12","1","1","0","185","1","0","8","1267","62","177","13","108","67","24","0","9","39","0","0","0","0"
"L43079","listeners","org.junit.platform.launcher.listeners","L40727","L103","0.0389087","4","16","8","0","0","0","0","0.634615","0.28125","450","33","19","0.616667","0.28584","648","37","23","1150","1898","54","23","0","55","2","137","4","2","72","0","1619","2637","61","36","25","1","24","55","2","181","489","6","10","0","2","2","99","0","0","0","532","36","53","4","34","23","18","0","8","6","0","0","0","0"
"L43957","tagexpression","org.junit.platform.launcher.tagexpression","L40727","L103","0.0195217","1","2","2","0","0","0","0","1","0.235504","264","7","0","1","0.235504","264","7","0","857","1384","31","24","1","0","4","139","2","0","38","0","857","1384","31","24","22","1","20","0","4","139","250","2","0","0","2","0","38","0","0","0","401","10","77","1","27","49","4","0","0","6","0","1","0","0"
"L45065","legacy","org.junit.platform.reporting.legacy","L45055","L103","0.10257","5","13","13","0","0","0","0","1","0.381679","50","2","0","0.3","0.149933","224","3","7","81","158","1","3","0","4","0","8","0","1","2","0","1270","1782","31","16","24","2","12","20","0","119","575","5","2","0","0","1","19","0","0","0","357","58","52","5","32","22","33","0","0","23","0","0","0","0"
"L46244","api","org.junit.platform.suite.api","L46243","L103","0","0","0","0","0","0","0","0","1","0.625698","672","23","0","1","0.625698","672","23","0","402","1247","0","0","0","0","0","25","0","0","0","0","402","1247","0","0","13","0","24","0","0","25","0","0","0","0","0","0","0","0","0","0","0","0","0","0","0","0","0","0","0","0","0","0","0","0"
"L46370","commons","org.junit.platform.suite.commons","L46243","L103","0.306408","10","26","22","0.547009","0.657895","64","50","0.0833333","0.0948276","66","1","11","0.0833333","0.0948276","66","1","11","630","817","8","36","0","3","0","59","0","0","18","0","630","817","8","36","22","0","4","3","0","59","178","0","1","0","0","0","18","0","0","0","447","4","57","3","46","9","0","0","0","5","0","1","0","0"
"L46719","engine","org.junit.platform.suite.engine","L46243","L103","0.0711841","3","11","7","0","0","0","0","0.5","0.23463","187","3","3","0.823529","0.308951","321","14","3","610","943","21","13","0","7","0","54","0","2","14","0","718","1237","21","26","24","0","22","7","0","58","116","0","12","0","0","2","14","0","0","0","216","20","33","3","27","19","3","0","3","1","0","0","0","0"
"L47105","engine","org.junit.platform.testkit.engine","L47095","L103","0.0463334","4","10","7","0.269663","0.37931","24","22","0.979866","0.50062","1614","146","3","0.979866","0.50062","1614","146","3","1610","3592","35","22","1","16","1","232","5","0","137","1","1610","3592","35","22","22","1","18","16","1","232","450","5","12","1","0","0","137","1","0","0","282","33","70","42","54","27","6","0","6","10","0","0","0","0"
"L48102","descriptor","org.junit.vintage.engine.descriptor","L48076","L103","0","0","0","0","0","0","0","0","0.166667","0.221408","151","4","20","0.166667","0.221408","151","4","20","531","833","19","13","0","11","1","56","4","0","23","0","531","833","19","13","20","0","13","11","1","56","160","4","5","0","1","0","23","0","0","1","158","4","21","0","16","6","2","0","0","2","0","0","0","0"
"L48387","discovery","org.junit.vintage.engine.discovery","L48076","L103","0","0","0","0","0","0","0","0","0.75","0.259649","222","3","1","0.75","0.259649","222","3","1","633","1031","18","24","0","2","0","66","0","0","21","0","633","1031","18","24","20","0","14","2","0","66","170","0","7","0","0","0","21","0","0","0","193","6","21","0","12","8","2","0","2","3","0","0","0","0"
"L48808","execution","org.junit.vintage.engine.execution","L48076","L103","0","0","0","0","0","0","0","0","0.333333","0.165154","91","1","2","0.333333","0.165154","91","1","2","460","648","20","5","1","5","0","61","2","0","11","0","460","648","20","5","20","1","6","5","0","61","161","2","1","0","0","0","11","0","0","1","144","6","23","0","3","23","2","0","0","2","0","0","0","0"
"L49169","support","org.junit.vintage.engine.support","L48076","L103","0","0","0","0","0","0","0","0","0.4","0.257919","57","2","3","0.4","0.257919","57","2","3","164","287","6","6","0","1","0","17","0","0","4","0","164","287","6","6","20","0","5","1","0","17","47","0","2","0","0","0","4","0","0","0","51","2","16","0","13","3","2","0","0","0","0","0","0","0"
"L49841","samples","org.junit.vintage.engine.samples","L48076","L103","0","0","0","0","0","0","0","0","0.5","0.722222","13","1","1","0.325758","0.435795","655","43","89","5","23","0","1","0","0","0","1","0","2","1","0","848","1881","12","60","15","0","57","8","5","87","122","5","58","0","5","2","74","0","0","0","320","16","23","0","20","7","1","0","6","5","0","0","0","0"
"L8223","support","org.junit.jupiter.api.extension.support","L7722","L103","0","0","0","0","0","0","0","0","0.25","0.161616","32","1","3","0.25","0.161616","32","1","3","166","248","4","7","0","1","0","20","0","0","6","0","166","248","4","7","24","0","3","1","0","20","43","0","1","0","0","0","6","0","0","0","65","1","20","0","12","5","0","0","4","0","0","0","0","0"
"L13742","subpackage","org.junit.jupiter.engine.descriptor.subpackage","L11600","L103","0","0","0","0","0","0","0","0","0.8","0.6","48","4","1","0.8","0.6","48","4","1","32","104","0","6","0","0","0","4","0","0","0","0","32","104","0","6","14","0","4","0","0","4","0","0","5","0","0","0","0","0","0","0","15","2","4","0","2","0","0","0","4","0","0","0","0","0"
"L14701","predicates","org.junit.jupiter.engine.discovery.predicates","L13925","L103","0.0189901","1","5","1","0","0","0","0","0.5","0.287342","227","7","7","0.5","0.287342","227","7","7","563","1043","16","47","0","0","0","83","1","0","11","0","563","1043","16","47","22","0","16","0","0","83","92","1","7","0","0","0","11","0","0","0","302","18","47","0","40","1","2","0","19","3","0","0","0","0"
"L16512","injection","org.junit.jupiter.engine.execution.injection","L15387","L103","0","0","0","0","0","0","0","0","0","0","0","0","0","0.375","0.498667","187","12","20","0","0","0","0","0","0","0","0","0","1","0","0","188","462","1","11","15","0","12","0","0","20","36","0","11","0","0","1","20","0","0","0","62","0","0","0","0","0","0","0","0","0","0","0","0","0"
"L20141","sub","org.junit.jupiter.engine.extension.sub","L16706","L103","0","0","0","0","0","0","0","0","0.5","0.537736","57","3","3","0.5","0.537736","57","3","3","49","129","0","3","0","0","0","4","0","0","2","0","49","129","0","3","14","0","3","0","0","4","10","0","3","0","0","0","2","0","0","0","13","0","0","0","0","0","0","0","0","0","0","0","0","0"
"L24181","adapter","org.junit.jupiter.migrationsupport.rules.adapter","L24157","L103","0","0","0","0","0","0","0","0","0.294118","0.391304","63","5","12","0.294118","0.391304","63","5","12","98","209","1","4","0","0","1","14","0","0","12","0","98","209","1","4","14","0","6","0","1","14","14","0","4","0","1","0","12","0","0","0","42","0","3","0","0","0","0","0","3","0","0","0","0","0"
"L24298","member","org.junit.jupiter.migrationsupport.rules.member","L24157","L103","0","0","0","0","0","0","0","0","0.5","0.485714","51","3","3","0.5","0.485714","51","3","3","54","139","1","3","0","2","1","6","0","0","4","0","54","139","1","3","14","0","5","2","1","6","7","0","2","0","1","0","4","0","0","0","20","0","0","0","0","0","0","0","0","0","0","0","0","0"
"L30535","classes","org.junit.platform.commons.util.classes","L28401","L103","0","0","0","0","0","0","0","0","0.75","0.679245","72","6","2","0.75","0.679245","72","6","2","34","134","0","6","0","0","0","2","0","0","2","0","34","134","0","6","14","0","6","0","0","2","2","0","6","0","0","0","2","0","0","0","6","0","0","0","0","0","0","0","0","0","0","0","0","0"
"L36820","config","org.junit.platform.engine.support.config","L36819","L103","0","0","0","0","0","0","0","0","0.333333","0.315789","42","2","4","0.333333","0.315789","42","2","4","91","170","3","2","0","1","0","11","0","0","5","0","91","170","3","2","24","0","3","1","0","11","28","0","1","0","0","0","5","0","0","0","26","2","1","0","1","1","0","0","0","1","0","0","0","0"
"L36868","descriptor","org.junit.platform.engine.support.descriptor","L36819","L103","0.10173","13","63","21","0","0","0","0","0.566038","0.328803","871","60","46","0.566038","0.328803","871","60","46","1778","3166","44","26","0","46","2","236","2","0","98","3","1778","3166","44","26","24","0","27","46","2","236","612","2","12","0","2","0","98","3","0","0","627","39","131","11","78","40","33","0","5","14","0","0","0","0"
"L37637","discovery","org.junit.platform.engine.support.discovery","L36819","L103","0.0535141","2","22","4","0","0","0","0","1","0.55632","647","47","0","1","0.55632","647","47","0","516","1284","27","8","1","10","3","68","2","0","49","0","516","1284","27","8","14","1","5","10","3","68","123","2","4","0","3","0","49","0","0","0","101","4","1","2","0","3","0","0","0","2","0","0","0","0"
"L38112","filter","org.junit.platform.engine.support.filter","L36819","L103","0","0","0","0","0","0","0","0","1","0.545455","36","3","0","1","0.545455","36","3","0","30","78","0","1","0","0","0","3","0","0","2","0","30","78","0","1","14","0","2","0","0","3","5","0","1","0","0","0","2","0","0","0","0","0","0","0","0","0","0","0","0","0","0","0","0","0"
"L38127","hierarchical","org.junit.platform.engine.support.hierarchical","L36819","L103","0.175685","21","49","49","0","0","0","0","0.655462","0.283499","1280","78","41","0.655462","0.283499","1280","78","41","3235","5460","104","92","3","54","13","383","13","0","127","3","3235","5460","104","92","32","3","43","54","13","383","1149","13","13","3","12","0","127","3","0","5","1167","145","206","12","160","83","68","0","24","21","0","0","0","0"
"L43095","discovery","org.junit.platform.launcher.listeners.discovery","L43079","L103","0.0445205","2","9","3","0.151515","0.232558","10","10","0.5","0.27674","163","3","3","0.5","0.27674","163","3","3","426","641","6","11","1","0","0","39","2","0","24","0","426","641","6","11","24","1","8","0","0","39","119","2","2","0","0","0","24","0","0","0","150","6","6","0","6","2","1","0","0","3","0","0","0","0"
"L43533","session","org.junit.platform.launcher.listeners.session","L43079","L103","0.197425","1","3","1","0","0","0","0","0.5","0.448718","35","1","1","0.5","0.448718","35","1","1","43","98","1","2","0","0","0","5","0","0","3","0","43","98","1","2","14","0","3","0","0","5","10","0","1","0","0","0","3","0","0","0","27","0","1","0","0","0","1","0","0","0","0","0","0","0"
"L45080","xml","org.junit.platform.reporting.legacy.xml","L45065","L103","0.110731","5","13","13","0","0","0","0","0.125","0.12766","174","1","7","0.125","0.12766","174","1","7","1189","1624","30","13","2","16","0","111","5","0","17","0","1189","1624","30","13","24","2","9","16","0","111","544","5","1","0","0","0","17","0","0","0","340","57","49","5","30","22","32","0","0","22","0","0","0","0"
"L47044","testcases","org.junit.platform.suite.engine.testcases","L46719","L103","0","0","0","0","0","0","0","0","1","0.542857","38","3","0","1","0.542857","38","3","0","32","87","0","3","0","0","0","4","0","0","0","0","32","87","0","3","14","0","3","0","0","4","1","0","3","0","0","0","0","0","0","0","9","3","4","0","4","0","0","0","3","0","0","0","0","0"
"L47065","testsuites","org.junit.platform.suite.engine.testsuites","L46719","L103","0","0","0","0","0","0","0","0","1","0.55814","96","8","0","1","0.55814","96","8","0","76","207","0","10","0","0","0","0","0","0","0","0","76","207","0","10","14","0","8","0","0","0","0","0","8","0","0","0","0","0","0","0","7","0","2","0","1","0","1","0","0","0","0","0","0","0"
"L49850","junit3","org.junit.vintage.engine.samples.junit3","L49841","L103","0","0","0","0","0","0","0","0","0.214286","0.425197","54","3","11","0.214286","0.425197","54","3","11","73","161","2","5","0","0","0","9","0","0","9","0","73","161","2","5","14","0","5","0","0","9","27","0","5","0","0","0","9","0","0","0","27","0","5","0","2","0","0","0","0","3","0","0","0","0"
"L49882","junit4","org.junit.vintage.engine.samples.junit4","L49841","L103","0","0","0","0","0","0","0","0","0.336207","0.43299","588","39","77","0.336207","0.43299","588","39","77","770","1697","10","54","0","8","5","77","5","0","64","0","770","1697","10","54","14","0","51","8","5","77","95","5","52","0","5","0","64","0","0","0","292","16","18","0","18","7","1","0","6","2","0","0","0","0"
"L16513","sample","org.junit.jupiter.engine.execution.injection.sample","L16512","L103","0","0","0","0","0","0","0","0","0.375","0.498667","187","12","20","0.375","0.498667","187","12","20","188","462","1","11","0","0","0","20","0","0","20","0","188","462","1","11","15","0","12","0","0","20","36","0","11","0","0","0","20","0","0","0","62","0","0","0","0","0","0","0","0","0","0","0","0","0"
